id,first_walls,first_panels,new_walls,new_panels
23,0.7644868016250509,0.6700846634005378,0.9971574832451963,1.0
25,0.8670556199772416,0.7837678023830709,0.9973016757589487,0.9987988603581606
26,0.8655446427362004,0.8060501327913192,0.9989696315522572,0.9986242940316867
27,0.7166723778273383,0.5647920732433903,1.0,1.0
68,0.8755643104372195,0.2821497382049116,0.999347558230018,1.0
69,0.8066900851895249,0.3266592589728579,0.9931719991180579,0.994085944020938
73,0.761509207840013,0.24979798178783477,1.0,1.0
75,0.4511972663319495,0.22044921147693075,0.998997231777239,1.0
76,0.4523130391998866,0.2162961249588207,1.0,1.0
78,0.8677935650743746,0.7534548371352523,0.8677935650743746,0.763880206274058
79,0.8962756251773708,0.80700377553461,0.8962756251773708,0.8081524010096717
87,0.8543604984782639,0.75687025982687,0.8543604984782639,0.7599723762828675
88,0.8836160956558583,0.8091071933790112,0.8836160956558583,0.8013204952488305
108,0.8204112169588796,0.7042483178712287,0.8204112169588796,0.713606035075709
114,0.8522733773820123,0.5698717810101358,0.6806681229048703,0.5254815420398927
124,0.5039533246602671,0.25279287909018455,1.0,1.0
125,0.5176666371817641,0.21002205289431172,1.0,1.0
132,0.5926104177550374,0.4022837590070563,0.9678072623810235,0.9549269093605506
133,0.6417126963000452,0.3883874510062532,0.991197812200056,0.9964276655488294
136,0.6731762523947035,0.4838166379581438,0.9929984537247565,0.9993260010199917
139,0.6538865579638538,0.4748945956777126,1.0,1.0
153,0.6768159995954952,0.43298190324907154,0.9917590978312427,0.9980910816778412
154,0.6552750303794452,0.44948842159975516,0.9706867768341396,0.9254788431878873
156,0.6630009186909427,0.5567310984211873,0.9738526171967525,0.9256062555586813
176,0.9932505130613073,0.9886225992371601,0.9932505130613073,0.9886225992371601
178,0.961388672854748,0.92347598052251,0.961388672854748,0.92347598052251
179,0.9967372014242658,0.9738382200539774,0.9967372014242658,0.9738382200539774
184,0.9978693988006664,0.24624985096484805,1.0,1.0
195,0.76311933585447,0.6121473952547547,0.9238335796874445,0.9354522226324162
201,1.0,0.3718706804669375,0.9041765172176961,0.8273868394322549
202,0.9952608833930071,0.41175169857909466,0.7001956574075828,0.5473693559039767
203,0.8291778930797683,0.40818658668852464,0.9982184728988069,1.0
223,1.0,0.2842472261383333,1.0,1.0
265,0.9997797202939842,0.2746882393536217,0.9986550314245938,1.0
266,1.0,0.20893262206997543,1.0,1.0
267,0.9917503909151661,0.25140269071895316,1.0,1.0
268,0.9995078588585531,0.22399591698966273,0.9972457670336673,1.0
322,0.9728954680341377,0.34665165466130626,0.9989629117468238,0.9985176625172807
323,0.8728977607166616,0.796795858464413,0.8728977607166616,0.796795858464413
329,0.8432968790102402,0.7299541810289508,0.8432968790102402,0.7299541810289508
335,0.5971154413555058,0.4777943254806336,1.0,0.9942303642018532
338,1.0,1.0,1.0,1.0
341,1.0,0.20905810916298392,0.9975991396909947,0.9983330751103573
343,1.0,0.3265243481468932,1.0,1.0
367,0.9977939721833678,0.3756958484961267,1.0,1.0
371,0.9990550214227789,0.19557073341482792,1.0,1.0
374,1.0,0.2236048676662182,1.0,1.0
377,1.0,0.2477364252236398,1.0,1.0
387,1.0,0.3354381054697897,0.8695596997952847,0.7531723526476464
388,0.9991684547855728,0.34984816573307215,0.9438953527732281,0.9724613685429779
389,1.0,0.31511254962982316,0.857370170835575,0.7097413972362774
390,0.9985155010953527,0.5062285331426422,0.9458093657258301,0.8594779101392848
393,0.6879803101376898,0.49630527024680443,0.9812874607791726,0.9955445353559699
400,0.683742896395152,0.35164763876215227,1.0,1.0
404,0.986189842959368,0.19976618947678065,1.0,1.0
405,0.9920767823409694,0.24432350326410954,1.0,1.0
426,0.8389561682593945,0.724723675144045,0.8389561682593945,0.724723675144045
430,0.8425391725909606,0.7894972950721368,0.8425391725909606,0.7894972950721368
431,1.0,1.0,1.0,1.0
441,0.742032140372122,0.5759976262734052,0.8756683717800485,0.8434867428962469
442,0.8184242376634724,0.6652915097201836,0.9882972611988982,0.9841687542839264
443,0.8643543170158791,0.7392364288646066,0.8643543170158791,0.7392364288646066
444,0.7693373632141228,0.5812151154747445,0.7693373632141228,0.5812151154747445
445,0.773075810365522,0.6961679552454648,0.773075810365522,0.6961679552454648
446,0.7686387925303693,0.6437097387663976,0.7686387925303693,0.6437097387663976
447,0.6718180702473322,0.5361010257776835,0.9706796580633137,0.9380663613594138
459,0.6687756226206372,0.5210210819223083,0.9993491948499064,1.0
461,0.5633395383622527,0.4207608050769826,1.0,1.0
462,0.7964146707323528,0.5544418374441461,1.0,1.0
463,0.5510411654235012,0.38463420781070895,0.9846762107325406,0.9800928074344201
467,0.9809043776410629,0.30560906565109186,1.0,1.0
468,0.9893771187147697,0.28459480821804073,1.0,1.0
470,0.9937342634024205,0.3326420362396155,1.0,1.0
471,0.9630594060635845,0.30280235799180333,1.0,1.0
474,0.9857237509480667,0.29666050954319123,1.0,1.0
475,0.9925051614392255,0.27056852847368357,1.0,1.0
476,1.0,0.2818240821520518,1.0,1.0
477,0.9963037030419291,0.3138903320396818,1.0,1.0
489,0.9990895926550969,0.28554226073731365,1.0,1.0
495,1.0,0.30067252535466216,1.0,1.0
496,1.0,0.2585319865733512,1.0,1.0
500,0.6205707480203783,0.37594115408511836,0.9666875700567508,0.9228480525420241
517,0.562197228321275,0.36503100163351376,0.9774665406616078,1.0
518,0.5990244811054152,0.3031409116988786,0.9691869308009684,1.0
519,0.5717714809519897,0.344817041409404,0.9640168066900332,1.0
524,0.9260228880983645,0.4825160802380872,0.9979803075533646,0.9969757473657029
525,0.9779522272685974,0.3232994182159188,0.9695408094496011,0.9547244367080623
526,0.9719010804921693,0.3239412735474945,0.997564373728614,0.9993484696430013
539,0.848705687283199,0.5723630367281582,0.9926616519395131,0.9917080317678317
546,0.9330844985493019,0.8679210765476895,0.9330844985493019,0.8752484465645716
553,0.858244679234266,0.2932438997994932,1.0,1.0
558,0.8779919685468606,0.803371673464431,0.8779919685468606,0.803371673464431
559,0.8242445246848982,0.7095968921164856,0.8242445246848982,0.7095968921164856
592,0.9974241937180622,0.15222158703448563,1.0,1.0
593,0.9910939060963715,0.20574782677475625,1.0,1.0
594,0.9785961772954258,0.22175512954569215,1.0,1.0
596,0.993838576424425,0.24544096997780362,1.0,1.0
597,0.9949446048763547,0.23867563925309232,1.0,1.0
603,1.0,0.2810034885358266,1.0,1.0
607,0.9996987417550129,0.20468492081769413,1.0,1.0
613,1.0,1.0,1.0,1.0
614,1.0,1.0,1.0,1.0
616,1.0,1.0,1.0,1.0
617,1.0,1.0,1.0,1.0
618,1.0,1.0,1.0,1.0
619,0.9191521667550632,0.8251439029321089,0.9191521667550632,0.8251439029321089
621,1.0,1.0,1.0,1.0
622,1.0,0.9913321673028874,1.0,0.9913321673028874
624,1.0,1.0,1.0,1.0
626,0.9174377694207088,0.9977286339176727,0.9174377694207088,0.9977286339176727
627,0.9141234304741075,0.8792474094717168,0.9141234304741075,0.8792474094717168
629,0.9432333781264239,0.9987611315666034,0.9432333781264239,0.9987611315666034
630,0.9974573670321264,1.0,0.9974573670321264,1.0
632,1.0,1.0,1.0,1.0
633,0.9957866341061,0.9711984554581885,0.9957866341061,0.9711984554581885
635,0.9938872518673308,1.0,0.9938872518673308,1.0
637,0.9932868346466227,0.9901248235494475,0.9932868346466227,0.9901248235494475
639,1.0,1.0,1.0,1.0
649,1.0,0.11631538874009996,1.0,1.0
650,1.0,0.23112574037305553,1.0,1.0
652,1.0,0.2509157161845548,1.0,1.0
674,0.9665472473132153,0.9495202456317118,0.9665472473132153,0.9495202456317118
675,0.9499989636002472,0.9220072162692243,0.9499989636002472,0.9220072162692243
676,0.9511682050263885,0.9443216775846405,0.9511682050263885,0.9443216775846405
677,0.9632986119591757,0.9174651227437276,0.9632986119591757,0.9174651227437276
679,0.9350712784684583,0.8676287774492714,0.9350712784684583,0.8676287774492714
680,0.924943007567234,0.8674036203449239,0.924943007567234,0.8674036203449239
681,0.9572447561494162,0.8962239367148025,0.9572447561494162,0.8962239367148025
682,0.8998038319827715,0.7845467528155149,0.8998038319827715,0.7845467528155149
684,0.9169448940085324,0.836477133215315,0.9169448940085324,0.836477133215315
686,0.934826396917676,0.83566923705896,0.934826396917676,0.83566923705896
688,1.0,0.231662626939937,1.0,1.0
693,0.999229077200767,0.1310893160777414,1.0,1.0
694,0.9996006107490605,0.2895807639342943,1.0,1.0
695,1.0,0.21018198856071793,1.0,1.0
696,1.0,0.18201475840639064,1.0,1.0
697,1.0,0.2374764705013488,1.0,1.0
705,1.0,0.22207970501041754,1.0,1.0
706,0.9996146742297657,0.20600555900128534,1.0,1.0
707,1.0,0.2322670480191059,1.0,1.0
711,0.9995562589918793,0.2927206061820433,1.0,1.0
712,0.9994993206747995,0.2868080621506439,1.0,1.0
714,1.0,0.300146071632111,1.0,1.0
718,0.9466924873842457,0.21472992231300433,1.0,1.0
721,0.9164548565346482,0.46947347612949714,1.0,1.0
724,0.8723260454191821,0.4643975571221524,1.0,1.0
730,0.9553507449359103,0.2618614610697621,1.0,1.0
732,0.9896690547627651,0.4203454689671793,1.0,1.0
736,0.7556689180537266,0.595709829227982,0.990408143967048,0.9868367404666927
739,0.759272676577971,0.6086032614015546,0.9834280344703843,0.9829844802448242
740,0.8528697261173527,0.7895010819407472,1.0,1.0
770,0.8055855461164242,0.3824013991521357,0.7961010952986851,0.6475225262422118
773,0.8633460201061849,0.5122289904044104,0.9701078740817098,0.890536584757548
803,0.6626669713024267,0.4911024110904562,1.0,1.0
807,0.6142040517081635,0.3541779117665963,1.0,1.0
811,0.5498884466158206,0.35881726747363607,1.0,1.0
831,0.9993831688314148,0.3444857506030192,1.0,1.0
832,1.0,0.36711298960395383,1.0,1.0
860,1.0,1.0,1.0,1.0
972,0.9201878657081665,0.8373922043726162,0.9201878657081665,0.8373922043726162
973,0.9165586020097207,0.8883255732081492,0.9165586020097207,0.8883255732081492
974,0.8811333943528076,0.7979249355275323,0.8811333943528076,0.7979249355275323
976,1.0,0.22983987487579605,0.9991176814561862,0.998664831727563
978,1.0,0.19684258601019966,1.0,1.0
982,0.9998052978593869,0.2891674112521793,1.0,1.0
983,1.0,0.2525666119114408,1.0,1.0
986,0.9993097083717811,0.27396051887917433,1.0,1.0
987,1.0,0.26969460809719725,1.0,1.0
990,1.0,0.21364240090191283,1.0,1.0
993,1.0,1.0,1.0,1.0
994,0.9947923067058211,1.0,0.9947923067058211,1.0
995,1.0,1.0,1.0,1.0
996,1.0,1.0,1.0,1.0
1021,0.8879670178595632,0.4474160843744657,0.9396956978386783,0.8623164473829363
1022,0.9008009305371661,0.4241133411695644,0.7619185536685554,0.5423154116104579
1023,0.9554534417721217,0.4786304090936497,0.9303649194764313,0.8478275688345371
1024,0.9062978364411131,0.42129645794846693,0.9029918330844988,0.7788928923590818
1025,0.9220712998995308,0.4807256098401171,0.8940984507486984,0.8330823613346949
1026,0.8519521171184353,0.36025995266993305,0.8987267519563312,0.7474932878442047
1027,0.8433483977481766,0.37329058312523966,0.8336738413370791,0.6743742761583853
1031,0.9993240772382076,0.3332077625733489,0.86256693514436,0.7356388590568316
1099,0.927465011125609,0.7136467630760724,0.9078513427809247,0.8279153292631942
1101,0.9609790548828012,0.6807691343429638,0.8489084633046085,0.7791521511710588
1102,0.9097876326838079,0.5517561024193417,0.8143072743030842,0.5981863239551196
1104,0.8655563218936435,0.6793822017300889,0.8802221901909086,0.7471313468342231
1107,0.9135696119474153,0.5073474545909868,0.857709871581381,0.7319743885104033
1109,0.9231134182315006,0.47937806499894875,0.9407324048030943,0.8765259944848163
1110,0.9602963082345496,0.7254896133936029,0.9503639666888952,0.8945618189387867
1121,0.5722234589135573,0.4160091359199013,1.0,1.0
1183,0.982205038555512,0.4343602774204942,0.986383269363232,0.9876364453261589
1184,0.9716056258290163,0.36856243345055156,0.9693642783647858,0.9456673058189631
1200,0.49271955781838106,0.3178635657908019,1.0,1.0
1201,0.5346384965115587,0.28474016848503964,0.9991119093308434,0.9985367151589326
1243,0.7026315270485661,0.4726765683889177,0.9620739372905425,0.8892487496590928
1246,0.6605881125714468,0.3661087012630979,0.9527784419443517,0.8981601277706639
1259,0.9629198520166357,0.3066733993956704,1.0,1.0
1260,0.8750468136646632,0.4254005606425303,1.0,1.0
1261,0.9018116257126806,0.40711986886673146,1.0,1.0
1290,1.0,0.21431980616140614,1.0,1.0
1291,1.0,0.210438789540113,1.0,1.0
1321,1.0,0.2553643744530537,1.0,1.0
1322,1.0,0.28466682627551454,1.0,1.0
1323,1.0,1.0,1.0,1.0
1326,1.0,0.20531067444578827,1.0,1.0
1327,1.0,0.2782464182949352,0.9992383941148425,0.9990712030553286
1328,1.0,0.2728765462485272,1.0,1.0
1330,1.0,0.22911706925801897,1.0,1.0
1331,1.0,0.21369354270568383,1.0,1.0
1332,0.9991269310298093,0.2656054870355499,1.0,1.0
1339,0.9654901357158004,0.43136281453346514,1.0,1.0
1355,1.0,0.20900616540767636,1.0,1.0
1356,0.9987487349423271,0.20426280613453904,1.0,1.0
1357,1.0,0.19552208149201078,1.0,1.0
1360,1.0,0.22122628335965158,1.0,1.0
1361,0.9895880252682849,0.2767710834107621,1.0,1.0
1363,0.9978838596362527,0.2584100038191772,1.0,1.0
1366,0.9927494183794732,0.5197457990702695,0.9993129025528733,1.0
1367,0.7554139187954142,0.5178027349789686,0.9761981253745359,0.9531987444917227
1368,0.8449333241636325,0.2781158854555915,0.981476720491666,0.8033575358777969
1369,0.8234999597528979,0.33096426949114416,0.8262217942414876,0.6807011549728156
1371,0.987319705361465,0.31474233490215714,0.8562796541967644,0.753823017379303
1372,0.8410412551019095,0.35698412356732456,0.8960755461344279,0.8084805594199059
1373,0.8404703872254823,0.6503805545310247,1.0,1.0
1374,0.9552203355833829,0.9217166283047095,0.9552203355833829,0.9217166283047095
1379,0.7304373134320934,0.5093117528908079,0.9991336328545409,0.9956683055177004
1442,0.8977680776221804,0.45754848020207584,0.9996379046767153,1.0
1445,0.9891051978364733,0.5764810330362056,1.0,1.0
1448,0.9597657029554792,0.513600163827355,1.0,1.0
1449,0.9776244871520107,0.49537424708154826,1.0,1.0
1451,0.9815862974602173,0.6381891706413477,1.0,1.0
1453,,,1.0,1.0
1457,1.0,,1.0,1.0
1461,0.8688206333402815,0.691194283638883,1.0,1.0
1464,0.9944355058977266,0.5004297835751685,1.0,1.0
1465,0.8742982882208941,0.5942567214898621,1.0,1.0
1470,0.7229676583320698,0.6118960399535401,0.8825428027407385,0.8050848187639413
1473,0.8380740647660178,0.765559508708995,0.8380740647660178,0.765559508708995
1494,0.6916904207875055,0.34880051933657225,1.0,1.0
1495,0.7066774681721885,0.4090323758908117,1.0,1.0
1496,0.7687750833145282,0.4607605761668097,1.0,1.0
1527,0.9933339949935256,0.44821055175905555,0.914627200228656,0.8220555048907504
1544,0.9993715403693447,0.2208934657089315,0.986669926131434,0.9432297258247166
1573,0.9963405673512875,0.273490500785961,1.0,1.0
1575,0.9970466179778261,0.3315545073577122,1.0,1.0
1576,1.0,0.24964472665599172,1.0,1.0
1578,1.0,0.2565489962026086,1.0,1.0
1588,1.0,0.17558988675030673,1.0,1.0
1594,1.0,0.27865204212264605,1.0,1.0
1595,0.6105200213055111,0.4856049671381512,0.9911773593770478,0.9056649294945
1599,0.6014511583176055,0.33860809283003407,1.0,1.0
1601,1.0,0.16941541268966634,0.9972496684063076,0.9988333287481546
1602,1.0,0.1860404602249365,0.9971169796532898,1.0
1624,0.9992947849280156,0.2579306567612113,1.0,1.0
1627,0.9997418161764415,0.2510836354375852,1.0,1.0
1632,0.9940063292219268,0.22432413908780272,1.0,1.0
1636,0.6206372877666498,0.48302341840115404,1.0,1.0
1637,0.48908433103951343,0.2740756418921306,1.0,1.0
1638,0.5207130473200288,0.3490576763347299,1.0,1.0
1639,1.0,1.0,1.0,1.0
1640,1.0,1.0,1.0,1.0
1654,0.8344916405962423,0.46909247450557556,1.0,1.0
1655,0.6296931042975012,0.3695481948485216,1.0,1.0
1656,0.6783238710668835,0.5005458373945554,0.6783238710668835,0.5005458373945554
1662,0.7134109385565264,0.551738261645989,0.7134109385565264,0.551738261645989
1663,0.8241671379820894,0.7229754106401483,0.8241671379820894,0.7229754106401483
1664,0.6582401435812775,0.6349631865570154,0.9729868263613963,0.8922386770768215
1665,0.887543650611797,0.8629077770909086,0.887543650611797,0.8629077770909086
1675,0.9992199463956186,0.16093104671289643,1.0,1.0
1686,0.7494725719012141,0.5542835590585001,0.7494725719012141,0.5542835590585001
1689,0.7771035057919201,0.5828874511146231,0.7771035057919201,0.5828874511146231
1705,0.6490319555653765,0.5001816630066526,0.9128424170355461,0.8638857413353752
1706,0.7136984635113339,0.5233075401976777,0.9974702980907686,0.9718660532753084
1712,0.7150544609015679,0.5959438395141909,0.7150544609015679,0.5959438395141909
1715,0.9582114048509178,0.9432903952465467,0.9582114048509178,0.9432903952465467
1718,0.9384892377900431,0.912667007309849,0.9384892377900431,0.912685822491647
1719,0.9672570649275706,0.9146685395131412,0.9672570649275706,0.9146685395131412
1723,0.9534836929825239,0.9283389228644702,0.9534836929825239,0.9283389228644702
1724,1.0,1.0,1.0,1.0
1725,0.9518314235675726,0.9304690476508711,0.9518314235675726,0.9340716994445109
1728,0.954722399910706,0.9130611536278199,0.954722399910706,0.9130611536278199
1733,0.9478630431807541,0.8154440831586522,0.8578199526050433,0.6853287132844069
1736,0.9606368058845565,0.8736423248264739,0.9606368058845565,0.8946419594630182
1748,0.9983133116529328,0.476900349075295,1.0,1.0
1752,0.9973610143012346,0.46145835395853846,0.9976706336252351,0.9982548771409143
1755,0.776304244378676,0.6462306222654414,0.776304244378676,0.6462306222654414
1759,0.7725987707954153,0.6717804134886542,0.7725987707954153,0.6717804134886542
1764,0.5441206938615604,0.3363730805410304,0.9981656903543731,1.0
1765,0.4580767349207749,0.31437651541890155,1.0,1.0
1768,0.5686679158853986,0.38864773538861763,1.0,1.0
1769,0.5615473132229802,0.36516885837736207,1.0,1.0
1776,0.9998583785110039,0.33706546390467595,0.9781308785575747,0.9547033789509917
1787,0.9855014202602422,0.9657226356691122,0.9855014202602422,0.9657226356691122
1788,0.9847561230619362,0.963997271860053,0.9847561230619362,0.963997271860053
1802,0.5057025118440733,0.36329227407182896,1.0,1.0
1805,0.46396308568710853,0.3477302147329804,1.0,1.0
1809,1.0,0.2851490529246295,1.0,1.0
1810,1.0,0.33510083276132563,1.0,1.0
1817,0.9994853268502014,0.26866935174357365,1.0,1.0
1827,0.8042825637731273,0.7420373582757102,0.9952350889807975,0.9912018832031912
1833,0.6031188044383187,0.506906791805414,0.9830792863498857,0.9641122532578308
1840,0.9988274139184273,0.5121631340276994,0.9984625603928112,1.0
1841,0.9990367772929148,0.5404525629774865,0.9986071590851949,1.0
1842,0.9977434380026838,0.49168248314270147,0.9979377702624774,1.0
1845,0.9761406965510977,0.29508035262801124,1.0,1.0
1848,1.0,0.17638348434063136,0.9108198459823758,0.8386637423634783
1849,1.0,0.22085171108883975,0.8613893244268018,0.80817950156505
1850,1.0,0.2527147753007708,0.9220977917705738,0.8600673397718481
1851,1.0,0.19844189818500885,0.8748568961116708,0.7921412622636306
1853,0.9997063145593625,0.2178514300269703,1.0,1.0
1854,0.9993337294430717,0.26450355628007155,1.0,1.0
1856,0.9996794280215592,0.26915719670452093,1.0,1.0
1859,0.9450452255386781,0.8569496081975209,0.9450452255386781,0.8569496081975209
1860,0.9162964423737633,0.8540045717962539,0.9162964423737633,0.8540045717962539
1865,0.9307065339323851,0.8765323837835396,0.9307065339323851,0.8765323837835396
1866,0.9968117795966369,0.9940546075085324,0.9968117795966369,0.9940546075085324
1867,0.9983087776844949,0.9687028657616893,0.9983087776844949,0.9687028657616893
1869,0.9933871227844293,0.9825298650746725,0.9933871227844293,0.9825298650746725
1872,1.0,0.20745930102061558,1.0,1.0
1873,0.9982302870928103,0.21654224957741025,1.0,1.0
1877,0.8449297188382366,0.7375387356572726,1.0,1.0
1878,0.7935707398172306,0.7120965387952598,1.0,1.0
1880,0.896525991498403,0.8888400203372246,0.896525991498403,0.8888400203372246
1881,0.7921254313850076,0.7411287829706125,0.7921254313850076,0.7411287829706125
1885,0.7153317638733973,0.44583255925480414,0.9842885126701919,0.9731594070343087
1897,0.6737477823300453,0.23690374285169755,1.0,1.0
1910,0.9910430031629686,0.9471254570180792,0.9910430031629686,0.9471254570180792
1922,0.7129012806817783,0.4655738030542228,0.9013431846200277,0.8379138335013637
1925,0.5714084315814193,0.3717492454471114,0.9329193754793041,0.8342928803447804
1931,0.8962725464243929,0.8529016506784199,0.8962725464243929,0.8529016506784199
1934,0.9846660592675927,0.888351962954741,0.9846660592675927,0.888351962954741
1935,0.9547726870835239,0.8769934484081315,0.9547726870835239,0.8769934484081315
1938,0.9635551160337231,0.9573905260130177,0.9635551160337231,0.9573905260130177
1939,0.9896851309345774,0.9637693371513132,0.9896851309345774,0.9637693371513132
1943,0.9804240923677054,0.9415298785204067,0.9804240923677054,0.9415298785204067
1944,0.9646369694203853,0.9008927656431618,0.9646369694203853,0.9008927656431618
1946,0.9639214295855139,0.9000691070706209,0.9639214295855139,0.9000691070706209
1948,0.37399305302082214,0.18704295273290275,1.0,1.0
1953,0.5109548342456738,0.20025441610816827,1.0,1.0
1956,0.6529875752777611,0.32013139754035824,0.9306181272000337,0.8024409788031608
1965,0.9990790530850828,0.30357723307319384,0.9976380096496383,1.0
1966,0.9980259841820408,0.26949327201989176,0.9963634064008159,1.0
1968,1.0,0.30118895859818395,1.0,1.0
1972,1.0,0.2083160738618682,1.0,1.0
1973,0.9993985098032394,0.3395862980804846,1.0,1.0
1974,1.0,0.2542936864847954,1.0,1.0
1975,0.9996873707582956,0.3619801625496816,1.0,1.0
1976,0.9983632583661413,0.2829625223948247,1.0,1.0
1977,0.9948569075669017,0.34033308980464727,1.0,1.0
1978,0.9977444148591521,0.22848032067680682,1.0,1.0
1979,0.9992518412426905,0.2817573971173953,1.0,1.0
1980,0.998083363236565,0.3032528243349512,1.0,1.0
1981,1.0,0.25983645457754206,1.0,1.0
1982,1.0,0.23983385737532695,1.0,1.0
1983,0.9984464760173409,0.27994114637569556,1.0,1.0
1984,0.8573856209242661,0.7054071503405959,0.8573856209242661,0.7054071503405959
1986,0.8209232307917841,0.8667746291839117,0.8209232307917841,0.8667746291839117
1988,0.8031617665771438,0.6986035915496708,0.8721895292043635,0.7559724109261122
1989,0.841406459115228,0.8317793955930227,0.8099446989331969,0.748569277553565
1990,0.8335923022174616,0.8313347259203725,0.8335923022174616,0.8313347259203725
1991,0.8402101383965292,0.87527092571057,0.8402101383965292,0.87527092571057
1992,0.7988771597993226,0.7473642631814765,0.7988771597993226,0.7473642631814765
1993,0.8232145149354666,0.7050050711998394,0.8232145149354666,0.7050050711998394
1994,0.7417236268385895,0.7302728278528013,0.7417236268385895,0.7302728278528013
1996,0.9699019269671236,0.26449997002345355,1.0,1.0
2000,0.9700158663696128,0.9361069337808295,0.9700158663696128,0.945441018567135
2001,0.9615993503167796,0.8934844878365913,0.9615993503167796,0.9032163830568138
2002,0.9841549205256885,0.9572430678812496,0.9841549205256885,0.9542948469644252
2003,0.9739382766051263,0.9403009842669424,0.9739382766051263,0.95453461313823
2005,0.8372946168438423,0.6994831374064171,0.968723857118077,0.9417367240779964
2006,0.862721047049437,0.6947273060269173,0.9854243855046345,0.9573644574450375
2007,0.8903453180960585,0.7781530628091974,0.740336205742127,0.5116148513514392
2008,0.9093231615774382,0.8203568039499124,0.9986081263159097,0.996109822032301
2018,0.5266821337707688,0.40106733018899793,1.0,1.0
2019,0.5022298541676319,0.3728126679940954,1.0,1.0
2023,0.7519029043825899,0.6058466098569398,0.7519029043825899,0.6058466098569398
2024,0.7261748184196384,0.5543678178133815,0.7261748184196384,0.5543678178133815
2030,0.6630625751051359,0.48997456699115943,0.9326773631651404,0.8411394560193998
2038,0.6472394580958165,0.5035063555312137,0.9895543748805681,0.9665818937678009
2039,0.6286415071299944,0.5041561886523273,0.9912476007204932,0.9376630361891717
2041,1.0,0.19887159968657328,1.0,1.0
2049,1.0,0.18473238684441096,1.0,1.0
2057,0.9581522410878895,0.9282595591393072,0.9581522410878895,0.9282595591393072
2058,0.9568889583980285,0.8236411214271401,0.9568889583980285,0.8236411214271401
2059,0.9229783657618112,0.8635320289735328,0.9229783657618112,0.8635320289735328
2060,0.9437798678701225,0.8955851047436918,0.9437798678701225,0.8955851047436918
2061,0.8734502678678522,0.8082333485464529,0.8734502678678522,0.8082333485464529
2069,0.9505463584898567,0.9239279626671355,0.9505463584898567,0.9239279626671355
2070,0.8793502040420346,0.7451846883331645,0.8793502040420346,0.7451846883331645
2071,0.9419473346557222,0.8462552812754597,0.9419473346557222,0.8462552812754597
2072,0.9322380215991914,0.8480383474592644,0.9322380215991914,0.8480383474592644
2073,0.9571981424145626,0.8896966602521391,0.9571981424145626,0.8896966602521391
2075,0.5727277360585151,0.31430149233353155,0.998404438607332,1.0
2077,0.567039741596255,0.3794384152504991,1.0,1.0
2097,0.9942370795124199,0.3072165256042624,0.9978717638549442,1.0
2103,0.9621580056091167,0.8999470143016257,0.9621580056091167,0.8999470143016257
2112,0.9965830024882563,0.2296919031873473,1.0,1.0
2113,0.9994322827388954,0.21495859765011885,1.0,1.0
2114,1.0,0.19487692892200922,1.0,1.0
2118,0.9986672737342431,0.20063109045453853,1.0,1.0
2122,0.9971983681224186,0.2190648688706901,1.0,1.0
2123,1.0,0.2500825154877982,1.0,1.0
2127,0.999136605294982,0.1904013162772965,1.0,1.0
2128,0.9991433046524495,0.19529981600114685,1.0,1.0
2130,0.9896589125469231,0.3124394050678418,0.9987740555828699,1.0
2134,0.9977644050549794,0.18669078106019882,1.0,1.0
2136,1.0,0.1740194733679311,0.9989046722964373,0.9982380250332754
2137,1.0,0.17274034960733817,1.0,1.0
2139,0.999499532349926,0.2556778305977917,0.9941646313721371,1.0
2140,1.0,0.2559037691154303,1.0,1.0
2141,1.0,0.24906383725201545,1.0,1.0
2142,1.0,0.3435735943556919,1.0,1.0
2143,0.9996651480043343,0.21479920773291944,1.0,1.0
2144,1.0,0.21203964903819092,1.0,1.0
2145,1.0,0.1795080858510259,1.0,1.0
2146,1.0,0.38639441066799773,1.0,1.0
2147,1.0,0.25442835696299904,1.0,1.0
2148,0.9995743063136607,0.2346919374113875,0.9989497531024782,0.998921451919632
2149,0.9992602209946878,0.2511784481926516,1.0,1.0
2155,0.9989850256207301,0.2436655371094188,1.0,1.0
2156,0.9978720333290355,0.23078835628599653,1.0,1.0
2160,0.43629355590278357,0.28848991827012654,1.0,1.0
2161,0.460484565714001,0.24708148876391603,1.0,1.0
2162,0.42504919265539454,0.20789034097127645,1.0,1.0
2165,0.9921570978509345,0.33299091585250273,1.0,1.0
2166,0.9940142252683006,0.2503180662964895,1.0,1.0
2171,0.9947529827739952,0.35318712169241845,1.0,1.0
2172,0.9959752665989312,0.28299344349978584,1.0,1.0
2173,0.994399391073696,0.23450549080463676,1.0,1.0
2174,0.9957362213625054,0.3376360629712944,1.0,1.0
2175,0.9966040578358591,0.19052251315031635,1.0,1.0
2177,0.9920274671664068,0.18789855600008887,1.0,1.0
2179,0.9514636058907072,0.46636858613851245,1.0,1.0
2180,0.9438613022272788,0.40373001408035675,1.0,1.0
2181,0.9864492306643948,0.32692752615906057,1.0,1.0
2184,0.9844929293074908,0.3664843744287675,1.0,1.0
2185,0.971601813334789,0.32610597118891393,1.0,1.0
2189,0.8112446177585632,0.3917781824849734,0.6210034137757784,0.4653214609155224
2190,0.935300182287002,0.3702806821422287,0.6550892267841992,0.5129089835643704
2194,0.9241487066442514,0.3390228497224278,0.9547832471000289,0.905424827111305
2195,0.7439251527026647,0.58365925566828,1.0,1.0
2196,0.7037509936179291,0.5858365889928914,1.0,1.0
2224,0.5190611565320129,0.39889904602226034,0.8774076632749739,0.7835657058567491
2226,0.6065062687860877,0.4163408385816633,0.9818525245043985,0.9620800001379021
2227,0.7258683424256545,0.5608632999973916,0.9607650037903185,0.8893124030177667
2228,0.5188437439276847,0.4236392645587822,0.9581950871920261,0.9259505769293427
2230,0.6606309337278808,0.4377799198011017,0.9769646907741035,0.954172322074431
2231,0.6212456724865585,0.39195267386662375,0.9388563590906119,0.8708312304156941
2236,0.7389291003063776,0.6369021513932185,0.9945759897451303,0.9786833380841553
2238,0.6316490625306912,0.4406484306941604,0.9940932847984754,0.9389891839129738
2239,0.8033730249384767,0.6546353833813741,1.0,1.0
2244,1.0,1.0,1.0,1.0
2245,0.9666932757908485,0.9515275117660934,0.9666932757908485,0.9515275117660934
2246,1.0,0.975575327225305,1.0,0.975575327225305
2247,0.9869774503663012,1.0,0.9869774503663012,1.0
2248,0.6239236568175744,0.520955515272584,1.0,1.0
2249,0.7188194617272347,0.5610127635064214,1.0,0.977846412623951
2253,0.6818601347301472,0.47046829968532455,1.0,1.0
2258,0.7901731845362088,0.4488497799950854,1.0,1.0
2260,0.8283193545639512,0.38023068830304924,0.9969734456874563,1.0
2265,0.704387658172753,0.311827487106722,1.0,1.0
2266,0.7605252521561147,0.3061710157449108,1.0,1.0
2268,0.6504199466711373,0.412878383483973,0.9990262801644471,0.9986638227843386
2269,0.660187300304056,0.42047629525967223,0.9970060761705215,0.9959043375514925
2270,0.6418276526887335,0.4496218446496949,1.0,1.0
2276,0.999777056978856,0.1410616527678921,1.0,1.0
2277,1.0,0.1816426171212538,1.0,0.9964043372316987
2280,1.0,0.26163131640095777,1.0,1.0
2281,1.0,0.14593234695265878,1.0,1.0
2282,1.0,0.15349351482999932,1.0,1.0
2284,1.0,0.15097576949466016,1.0,1.0
2285,1.0,0.1770103981393797,1.0,1.0
2286,0.9548518728927453,0.2526550121625115,1.0,1.0
2288,0.990726310263364,0.1867885516300139,1.0,1.0
2291,0.9870975502979058,0.31746797652189834,1.0,1.0
2300,0.989690213910297,0.20803181484346506,1.0,0.9988737543349654
2301,0.9903167912724701,0.164395672646181,1.0,1.0
2303,0.9954223862715237,0.2118642455239957,1.0,1.0
2307,0.9792904656150094,0.2620060074539138,1.0,1.0
2309,0.9941149506707513,0.24852252201474054,1.0,0.9973341907571801
2312,0.9824398708345345,0.2246079000287688,1.0,1.0
2314,0.9835621145140104,0.1898518672753603,1.0,1.0
2320,0.9784740618071675,0.30089358654112697,1.0,1.0
2321,0.9938520193193646,0.22891368693079048,0.9985837814532248,0.9977586658709426
2323,0.9970045613680252,0.1868365211043302,1.0,1.0
2326,0.9922669262134487,0.2630886233008445,1.0,1.0
2327,0.7645546872920193,0.6847344578318181,0.7645546872920193,0.6847344578318181
2330,0.7973643088460883,0.7253121753670644,0.7973643088460883,0.7253121753670644
2342,0.8978723998455593,0.8546937991460568,0.8978723998455593,0.8546937991460568
2343,0.7990462368665824,0.6775603367632468,0.7990462368665824,0.6775603367632468
2359,0.7395353523578506,0.4959841248636512,0.7395353523578506,0.4959841248636512
2361,0.9889089215992566,0.9215764108039177,0.9889089215992566,0.9215764108039177
2362,0.9679753673643866,0.9416331264008413,0.9679753673643866,0.9416331264008413
2363,0.9647254805625383,0.8494082197716061,0.9647254805625383,0.8494082197716061
2364,0.9614912413348514,0.8716535877008118,0.9614912413348514,0.8716535877008118
2365,0.9581630611528568,0.9359804391565892,0.9581630611528568,0.9359804391565892
2366,0.9046090422097093,0.7364718588523773,0.9046090422097093,0.7364718588523773
2368,0.9391794758563043,0.7796296217804685,0.9391794758563043,0.7796296217804685
2369,0.9431129448679687,0.8982860397336521,0.9431129448679687,0.8982860397336521
2371,0.9293652632264044,0.8917297704660897,0.9293652632264044,0.8917297704660897
2376,0.9533469349245066,0.8133138416178837,0.9533469349245066,0.8133138416178837
2377,0.9697811549685746,0.9261852208830663,0.9697811549685746,0.9261852208830663
2381,1.0,0.23771963548884237,1.0,1.0
2382,1.0,0.2652874600987576,1.0,1.0
2383,1.0,0.23615270241971129,1.0,1.0
2384,1.0,0.24739198175429103,1.0,1.0
2385,1.0,0.26449432732452416,1.0,1.0
2386,1.0,0.23774372761938528,1.0,1.0
2387,1.0,0.2439629184319294,1.0,1.0
2388,1.0,0.2375642599511197,1.0,1.0
2389,0.41586342613436467,0.2591714214452936,1.0,1.0
2398,0.5028992225943388,0.34156665695474336,1.0,1.0
2401,0.4732328932383123,0.2643960387567278,1.0,1.0
2404,0.3536884052476224,0.26781806913086215,1.0,1.0
2410,0.42029591731965255,0.1945223000163767,1.0,1.0
2416,0.4757202962670479,0.2934646535308231,1.0,1.0
2419,0.45197918546489046,0.25122033668750615,1.0,1.0
2422,0.4678339436392998,0.2537220140868914,1.0,1.0
2425,0.5510611248956715,0.31401436960956175,1.0,1.0
2428,0.554233755278619,0.32460060304058785,1.0,1.0
2434,1.0,0.28765737761171717,1.0,1.0
2437,0.9848244559784084,0.09908822516147898,1.0,1.0
2440,0.4324824561284822,0.32261082172528066,1.0,1.0
2443,0.49051083537163176,0.3171342490444984,1.0,1.0
2446,1.0,0.2893005394465449,1.0,1.0
2447,0.9995229266591487,0.2109040492036532,1.0,1.0
2448,1.0,0.24256702421525736,1.0,1.0
2450,0.5493224009967057,0.23140192127070022,1.0,1.0
2451,0.506296664928042,0.2198415809294139,1.0,1.0
2453,0.4612449353795447,0.13942622934480844,1.0,1.0
2454,0.5028186319136483,0.1461658346173127,1.0,1.0
2455,0.49845202163569047,0.1336027360134026,1.0,1.0
2456,0.5950231139560431,0.1192965033696918,1.0,1.0
2457,0.44237264073370053,0.1283978763810722,1.0,1.0
2459,0.6737862548114935,0.1860218183697174,1.0,1.0
2460,0.6010919246138793,0.13125859276463564,1.0,1.0
2461,0.5112549286400885,0.1698690616419287,1.0,1.0
2462,0.5221298152545629,0.21915963490953713,1.0,1.0
2463,0.7020203106913412,0.12140038925422685,1.0,1.0
2464,0.6402977925350669,0.11923761768845927,1.0,1.0
2465,0.4796664052188371,0.120820703642174,1.0,1.0
2466,0.46901434446153767,0.18423842147918634,1.0,1.0
2469,0.3140119081677245,0.1380243509508627,1.0,1.0
2470,0.49680279327853616,0.20533294450283746,1.0,1.0
2471,0.6072961351930555,0.2645789824197951,1.0,1.0
2474,0.27846495689501444,0.2255897143478673,1.0,1.0
2475,0.5645826896096885,0.17459863870694822,1.0,1.0
2476,0.6914887938520808,0.1476596984366127,1.0,1.0
2479,0.4257912050570683,0.16355115846952156,1.0,1.0
2480,0.6950168173363913,0.19766126159637445,1.0,1.0
2481,0.6455312947350892,0.21282247569885063,1.0,1.0
2484,0.4152213767557031,0.1716428778015355,1.0,1.0
2485,0.4683112134259738,0.22724544697703122,1.0,1.0
2486,0.4946295451530038,0.2929258188777804,1.0,1.0
2489,0.40256876281432413,0.22495657371311936,1.0,1.0
2490,0.6228105569007768,0.21279295860727832,1.0,1.0
2491,0.7545722304306293,0.30518455452532933,1.0,1.0
2494,0.46626612903400566,0.16054953733626579,1.0,1.0
2495,0.3970237338981966,0.18864206239805825,1.0,1.0
2496,0.564311019917952,0.2238586320096872,1.0,1.0
2501,1.0,0.3170486211681355,1.0,1.0
2506,0.7953746930389991,0.6828447310917864,0.9895117918039079,0.9823466733852777
2511,0.926202129791004,0.9064283088736013,0.998374328459637,1.0
2522,0.7921018114223385,0.5988073203243504,0.7921018114223385,0.5988073203243504
2538,1.0,0.24442322277348447,1.0,1.0
2539,1.0,0.220522230558964,1.0,1.0
2540,0.9996492078933601,0.22067348740338447,1.0,1.0
2542,1.0,0.23082409550019384,1.0,1.0
2543,1.0,0.17539751275435403,1.0,1.0
2544,1.0,0.3141392518503313,1.0,1.0
2545,0.9997304701891682,0.26186731702449195,1.0,1.0
2546,1.0,0.1738125928107585,1.0,1.0
2547,1.0,0.182040277868528,1.0,1.0
2548,1.0,0.32486190363350936,1.0,1.0
2550,1.0,0.29874563937627713,0.9991351817786595,1.0
2568,0.5888773884150144,0.28157330919395257,1.0,1.0
2571,0.5323478713530123,0.22419764964383906,1.0,1.0
2574,1.0,1.0,1.0,1.0
2592,0.999718879618713,0.21228131557256583,0.9949527307078526,1.0
2593,0.9934551791052362,0.2021630996667216,0.9781796293742065,0.9203685989390341
2595,0.9941529878778155,0.277514510070403,0.8689821454722186,0.7218826593355677
2597,0.7129990047223044,0.5781805295713964,0.7129990047223044,0.5781805295713964
2658,0.9978083079519053,1.0,0.9978083079519053,1.0
2663,1.0,1.0,1.0,1.0
2665,1.0,1.0,1.0,1.0
2668,0.9918740323747552,0.996331576475254,0.9918740323747552,0.996331576475254
2670,0.9891777750602242,1.0,0.9891777750602242,1.0
2671,1.0,1.0,1.0,1.0
2676,1.0,1.0,1.0,1.0
2677,1.0,1.0,1.0,1.0
2678,1.0,1.0,1.0,1.0
2684,0.6554382513255147,0.4131289380701202,1.0,1.0
2685,0.6206949067472377,0.42767023562726847,0.9946934478573527,0.9193144849676668
2695,0.6061715447865633,0.4272032225435025,1.0,1.0
2702,0.6420449160997953,0.3277425033767727,1.0,1.0
2705,0.5689539787037653,0.42283521125551526,0.99794634665506,0.9814329714317476
2712,0.6307937449823823,0.35603035957277407,1.0,1.0
2713,0.9964046619630542,0.3256740770830791,1.0,1.0
2734,0.9975535628469828,0.17064828742467503,1.0,1.0
2739,0.8176435893899716,0.7009610125096035,1.0,1.0
2740,0.8435543356980343,0.7465036216715412,1.0,1.0
2742,0.8766103411738208,0.7891401775180569,1.0,1.0
2743,0.6943246420223103,0.4724040995911312,0.9561445222074108,0.8449072178569658
2745,0.7657427296301017,0.6203549256785116,0.9856048438403748,0.9624450658646291
2747,0.9877230411122817,0.3071274917034806,0.9649957408350235,0.9471647121805429
2750,0.9932452206406523,0.25605685922908933,1.0,1.0
2751,0.9870747728655338,0.3171414639503979,1.0,1.0
2753,0.9983264726599733,0.24374762967579228,1.0,1.0
2754,0.8675244151651103,0.742989981397523,1.0,1.0
2755,0.7764829897292851,0.6248455502999047,0.9887105360204723,0.9838864868494286
2758,0.657410457738886,0.5059248701817851,0.99345421168697,0.9482365006755172
2797,0.609018475324423,0.354517764023381,0.9767144648697501,0.9316895081793386
2801,0.8846037260936012,0.7826181445656444,1.0,1.0
2802,0.8486086834621277,0.7170562495981763,0.997865394591806,1.0
2807,0.8747216723780021,0.687805758791394,0.9993057580517056,1.0
2811,0.7313587356172765,0.6731165735864701,1.0,1.0
2815,0.6600485321814802,0.5340738515485938,1.0,1.0
2819,0.7870220689739901,0.6843119212756332,1.0,1.0
2820,0.8239040913227558,0.6823959674079296,1.0,1.0
2821,0.9087296754436992,0.8327895785673326,1.0,1.0
2822,0.8452054403545821,0.7423264720624246,0.9707539141670142,0.9446280475992043
2834,0.9611190414007256,0.3711476045031033,0.9965454389705073,0.9980264158845242
2835,0.9463627943858253,0.2901036398485765,0.9983213085110164,1.0
2838,0.9217839634174203,0.2656042852323325,0.9973266819422486,0.9978305278000088
2839,0.9419540733151035,0.3185275701140102,0.9994109600309256,1.0
2844,1.0,0.2246873968409601,1.0,1.0
2846,0.8393085264570086,0.6828460402994895,0.8393085264570086,0.6828460402994895
2865,0.9473783129383113,0.9184678920233392,1.0,1.0
2867,0.9090215773729665,0.7720368696390583,1.0,1.0
2868,0.93644121963437,0.8920929934201537,1.0,1.0
2877,0.8436145916723825,0.7446125456962293,1.0,1.0
2878,0.8393695357155581,0.7470793510027041,0.994963335650336,1.0
2879,0.9097860668013326,0.8384573853969822,0.9800347206249626,0.9741123727104118
2892,0.9117346647483477,0.830247242400822,1.0,1.0
2893,0.892595913368022,0.7555889699196275,1.0,1.0
2894,0.9684623197135173,0.9516662458197586,1.0,1.0
2896,0.7789385318679966,0.6404710621347784,1.0,1.0
2898,1.0,0.21540647992413955,1.0,1.0
2900,0.9995688444228222,0.23332410127264633,1.0,1.0
2905,0.9941828444506935,0.1714114486891135,1.0,1.0
2911,0.9997835938537324,0.19836582234445246,1.0,1.0
2914,0.7986105545679623,0.28341404020537014,0.9960761068680335,0.9939691232260078
2916,0.6636195840973819,0.3191889260354404,0.9971872430947195,1.0
2923,0.5817416802261592,0.34781366384163265,1.0,1.0
2962,0.9845621919067955,0.362921090071314,1.0,1.0
2963,0.9807737562330109,0.32191060880482997,1.0,1.0
2964,0.9651140107706914,0.3306462079870954,1.0,1.0
2966,0.9875663572316494,0.4752015770630577,1.0,1.0
2967,0.9748477969375459,0.3589968690331453,1.0,1.0
2968,0.9772335041630069,0.3698781666920327,1.0,1.0
2970,0.8319036324569328,0.30401704818533887,1.0,1.0
2971,0.5560180530929721,0.2815671379677753,1.0,1.0
2972,0.7810521839974447,0.3123790796981073,1.0,1.0
2975,0.7801319970793145,0.31802422458249985,0.9512464335471635,0.8966945635612985
2976,0.8329693403798891,0.3600991399921735,0.950641827989721,0.9189109638907912
2977,0.8350696125278121,0.38904207220186754,0.9629365907253442,0.9212034864964453
2980,0.634962836865874,0.2912741182959585,1.0,1.0
2981,0.6934854068975866,0.32734664780804373,1.0,1.0
2982,0.8586244843434636,0.32270011005945426,1.0,1.0
2985,0.7352526194131691,0.3517194808011966,0.9395765974662295,0.881368388202554
2986,0.9804373723563039,0.3081775311617922,1.0,1.0
2987,0.7740548240164783,0.3518894774572583,0.9641960001446732,0.9385285250793408
2988,0.7392690925050424,0.3030423234512641,0.9421455584355308,0.8693146937310661
2989,0.9934135796717564,0.3631183846755923,1.0,1.0
2991,0.9764839736154214,0.38129638855183734,1.0,1.0
2992,0.8640487308654099,0.2683813018050233,1.0,1.0
2994,0.9294694686971043,0.2913191933884457,1.0,1.0
2995,0.8369633009655031,0.3224265437618267,0.9954809441809715,0.990166525656607
3002,0.6214934518164827,0.42230602461407674,1.0,1.0
3005,0.5748676830875967,0.44050209372096866,1.0,1.0
3024,0.9957747729649761,0.2196244997975438,1.0,1.0
3025,0.9979189914650944,0.1972071016914852,1.0,1.0
3026,0.9969124958295128,0.22092326649500643,0.9993104202744966,0.999004047264574
3032,0.9992216506942011,0.2003711404957779,1.0,1.0
3033,0.9980402087821646,0.17030760139269766,1.0,1.0
3039,1.0,0.26604772597022874,1.0,1.0
3043,0.9986177599840467,0.2504133263011042,1.0,1.0
3047,0.9952768370666443,0.22417375071654072,1.0,1.0
3050,1.0,0.22678134616494308,1.0,1.0
3053,0.9842846001216545,0.26372247535124826,1.0,1.0
3057,0.984734159503971,0.2509975230242851,1.0,0.9776815650190466
3083,0.23801750281174008,0.14987365924719373,1.0,1.0
3084,0.433297019278417,0.2121233356466985,1.0,1.0
3086,0.583834057541357,0.31402569703667105,1.0,1.0
3089,0.7940752164227803,0.400784721147455,0.9958052575617324,0.9922564420505225
3090,0.6900597727292198,0.33911548444657486,1.0,1.0
3091,0.8147463444865781,0.42279254152682044,0.9981755544825276,0.9987635598635881
3092,0.702086496766843,0.5092931940106187,0.9979203763097185,0.9959887619277836
3093,0.6770288087310168,0.5325594857801632,0.9951111271325741,1.0
3094,0.8147193478299456,0.5627473041324479,1.0,1.0
3096,0.8859511801067639,0.37767974291627715,0.9303492177065695,0.854185082894108
3098,1.0,1.0,1.0,1.0
3099,1.0,1.0,1.0,1.0
3100,1.0,1.0,1.0,1.0
3103,1.0,1.0,1.0,1.0
3104,1.0,1.0,1.0,1.0
3105,1.0,1.0,1.0,1.0
3107,0.9656208633112183,0.924962211938997,0.9656208633112183,0.924962211938997
3108,0.9650270838684245,0.9300636535474975,0.9650270838684245,0.9300636535474975
3110,0.9969664225858827,1.0,0.9969664225858827,1.0
3114,1.0,1.0,1.0,1.0
3115,1.0,1.0,1.0,1.0
3116,0.9981351802759024,1.0,0.9981351802759024,1.0
3117,0.9914169526541857,0.9400871648558742,0.9914169526541857,0.9400871648558742
3127,0.9813059787916948,0.9699816214008575,0.9813059787916948,0.9699816214008575
3128,1.0,1.0,1.0,1.0
3138,1.0,1.0,1.0,1.0
3140,0.9941614981750273,0.9908724695324056,0.9941614981750273,0.9908724695324056
3150,0.9890063028808298,1.0,0.9890063028808298,1.0
3163,1.0,0.18472149050135664,1.0,1.0
3168,1.0,0.22510371803314672,0.9978168339957355,1.0
3169,1.0,0.1987458989039035,1.0,0.9975597005473551
3170,0.999689131834236,0.15026238977313075,1.0,1.0
3171,1.0,0.21878932682285449,0.9901318170562423,1.0
3172,1.0,0.19100706105435253,1.0,1.0
3179,1.0,0.23135482408200492,1.0,1.0
3180,1.0,0.2167230418854987,1.0,1.0
3181,0.999529415743128,0.20751159871984598,1.0,1.0
3182,1.0,0.22223290386903166,1.0,1.0
3189,0.9985218689126356,0.37608805086047487,1.0,1.0
3195,0.9799420137636167,0.3316502643060129,0.9921909361918497,0.9814740931977318
3203,1.0,0.2115696396161966,0.9945088295614611,0.986767181148924
3205,0.9982870059255686,0.31351462654025375,0.9931572557758159,0.997756605695494
3209,0.999672607298505,0.22797526925436454,0.9981265737005236,1.0
3211,1.0,1.0,1.0,1.0
3217,0.5853614047972813,0.37776040523759247,1.0,1.0
3219,1.0,1.0,1.0,1.0
3220,0.6143255976706932,0.4821338677868212,0.977750581612571,0.9703629841715521
3223,0.47236059320437124,0.36545778003900525,1.0,0.9989607540212188
3226,0.5146032664815116,0.3714755156576916,1.0,1.0
3229,0.5807294686395374,0.38092566242028675,1.0,0.99219616716146
3230,0.5107821017386822,0.4335795775421891,0.9993092556786073,0.9865587505392424
3231,0.5327721797287983,0.3898158496131152,1.0,1.0
3232,0.5577164444206413,0.4533706463758128,1.0,1.0
3233,0.6010385491742224,0.41486174599449593,1.0,1.0
3234,0.5223715651527782,0.3425002747810684,1.0,1.0
3235,0.5178937162687965,0.3733671186810723,1.0,1.0
3236,0.4988168354066907,0.29993119518378875,1.0,1.0
3237,0.6199512308175469,0.471322467034109,0.9993185430156115,0.9846224993876354
3238,0.59130555296688,0.4427803570441407,1.0,1.0
3240,0.5342182022028038,0.3955694843562961,1.0,1.0
3241,0.5006117652965858,0.3213735759515668,1.0,1.0
3242,0.4809566950224202,0.3972019740607735,1.0,1.0
3243,0.5306353057429467,0.42084231761870444,1.0,1.0
3244,0.5282540314007024,0.35710645692512627,1.0,0.9992162764385061
3245,0.5194108350480234,0.3349116587284682,1.0,1.0
3247,0.6072878092267133,0.41814728128761913,1.0,0.9986684862885535
3248,0.5243432727101318,0.3722511205159776,1.0,1.0
3250,0.5357450184014677,0.42160858429604203,1.0,1.0
3251,0.6593945487972965,0.49042321407141143,1.0,0.9945664457615414
3254,0.6041640569581318,0.41800153353714053,1.0,0.9988238469638212
3255,0.5562946483445508,0.44183049584338147,0.997971769336061,0.9992068682266031
3256,0.569776594031446,0.43317024565528256,0.9890381868545043,1.0
3258,0.516559407539251,0.39757061700271074,0.9987505286133761,0.9939919779820741
3268,0.5112879824233227,0.334398269082139,1.0,1.0
3269,0.5034476415959106,0.3792902865706481,0.995611279130751,0.997926519060514
3270,0.5705261864582297,0.3915463377152782,1.0,1.0
3271,0.5581639337030188,0.42231669888649903,1.0,1.0
3272,0.625032239839326,0.44322140067670845,1.0,1.0
3273,0.504021942106575,0.38968296731362473,1.0,1.0
3274,0.45875855166816615,0.36301841531419393,1.0,0.9846968207539861
3275,0.5371007124724254,0.44693293439897736,1.0,1.0
3276,0.5677525617263237,0.4260770758119115,1.0,1.0
3277,0.5271308104189791,0.3639665714150885,1.0,0.9952249926853028
3278,0.4953188891730741,0.37729468447973846,0.9913067819959314,0.9781368263887534
3279,0.5132918031835174,0.3128746093342501,1.0,0.9938436962586845
3281,0.5722100658477154,0.3346344445749727,1.0,1.0
3282,0.6109344544948965,0.4175700809904641,1.0,1.0
3283,0.9994742888202137,0.2262094647770427,1.0,1.0
3287,0.9995659422561559,0.19131551319324666,1.0,1.0
3291,0.858926762664967,0.7266571301344695,0.858926762664967,0.7266571301344695
3292,0.8488015626770113,0.6698032110858353,0.8488015626770113,0.6698032110858353
3299,0.8863148376515337,0.7338757208226518,0.8863148376515337,0.7338757208226518
3300,0.8907969983910294,0.7541082158008424,0.8907969983910294,0.7541082158008424
3301,0.9672139760713155,0.926512894924044,0.9672139760713155,0.9286749008094244
3302,0.9046385543129785,0.7646992070413784,0.9046385543129785,0.7646992070413784
3304,0.8914018842218271,0.7942149564512035,0.8914018842218271,0.7942149564512035
3315,0.9302929637906989,0.8911023134848628,0.9302929637906989,0.8911023134848628
3316,0.8721206491828928,0.7219862843246219,0.8721206491828928,0.7219862843246219
3322,0.9441109714096643,0.8922350793130022,0.9441109714096643,0.8922350793130022
3323,0.8612187141120573,0.7556617671235043,0.8612187141120573,0.7556617671235043
3324,0.741368462221939,0.5739773738542455,1.0,1.0
3339,0.7209360716723957,0.608750203180908,0.9730082585366894,0.9597730301985334
3340,0.9123047539158112,0.8334841395044333,0.9123047539158112,0.8334841395044333
3341,0.7129779433930767,0.633538661926837,0.9665394894603668,0.9523017671851617
3342,0.9218262566295649,0.8679160505125142,0.9218262566295649,0.8679160505125142
3348,0.8948286040468583,0.8141724899661067,0.8948286040468583,0.8141724899661067
3350,0.6961491146252897,0.592262850287911,0.9759250816136287,0.9643609302063085
3352,0.9133094007947153,0.855346279323813,0.9133094007947153,0.855346279323813
3353,0.7189573041293188,0.5899665328487724,0.9559660555342272,0.9439730714768257
3354,0.8646455092748537,0.7396424304503858,0.8646455092748537,0.7396424304503858
3358,0.8789777799778326,0.7807502577061172,0.8789777799778326,0.7807502577061172
3360,0.7434462973682774,0.6672453094598081,0.9684055141005676,0.9326620938947959
3361,0.880776577621233,0.8044591534538281,0.880776577621233,0.8044591534538281
3363,0.8530089101638151,0.7052419729753702,0.8530089101638151,0.7052419729753702
3367,0.8925739468390423,0.7881305810542064,0.8925739468390423,0.7881305810542064
3369,0.7326748887178881,0.6108032943632155,0.9444072217810037,0.9216739163247273
3371,0.8183892177059353,0.6997757775891997,0.9651619357384499,0.929000193072311
3372,0.8911025316606974,0.7976225325829117,0.8911025316606974,0.7976225325829117
3448,0.3292376007106232,0.1576302079494027,1.0,1.0
3450,0.42919290180987724,0.2828655571295461,1.0,1.0
3451,0.4603224106135861,0.3472766394406753,1.0,1.0
3456,0.585848470240104,0.38397145290648627,1.0,1.0
3457,0.6464756320687121,0.5037495874973891,1.0,1.0
3460,0.5789447930252304,0.3939372788438481,1.0,1.0
3464,0.7002713345964523,0.4707672269109649,1.0,1.0
3488,0.8999548529593902,0.3045231226364126,0.8462565606348733,0.68164152449482
3490,0.9351433135348022,0.3281377731693884,0.8658076108332474,0.7151371966479724
3492,0.6609533604976993,0.4936955726643213,0.9981368700310718,0.9966033076261119
3493,0.7561047839609554,0.567618289081917,0.9929937128161614,0.9873358959701586
3494,0.7505298534742687,0.5117841212102648,1.0,1.0
3495,0.601584032240501,0.43634359309561765,0.999025725043662,0.9982619741659163
3496,0.7123459188996548,0.5159746476058293,1.0,1.0
3502,0.8035246849463835,0.6422641666381658,0.9986918586471782,0.9975878205090469
3503,0.7910201436245016,0.6187501107016895,0.9924091049362662,0.9874328460009277
3506,0.8332425574731415,0.6632054502969742,1.0,0.9718452089929261
3508,0.6472851551278757,0.4964487244555156,0.926574441943302,0.8877299345824373
3509,0.6353043296585492,0.3808744229423273,0.9305231894404069,0.8856883915189065
3510,0.7934146310544693,0.6134812635195073,0.9872697715812575,0.9802740847296306
3511,0.995433232689487,0.27745746466368404,1.0,1.0
3512,0.9854696220671085,0.25700284187431105,1.0,1.0
3513,0.7859230494471651,0.3649763888719075,0.9896458308428456,1.0
3514,0.7690468249490426,0.35215591527361234,1.0,1.0
3515,0.7025908478943796,0.3304550026174321,0.9996134187944586,1.0
3516,0.6477511708360448,0.3273493798318339,1.0,1.0
3517,0.7687691518429532,0.34768765888694037,0.8555153690033875,0.7362925515302943
3545,0.9998409652770683,0.23220522555849582,1.0,1.0
3546,0.9988270799318989,0.2065995832895965,1.0,1.0
3547,0.9994523101978137,0.22357196971131374,1.0,1.0
3548,1.0,0.327970378241381,1.0,1.0
3549,0.7047156890657892,0.6119821853504303,0.9274528499361608,0.8819209694162808
3562,1.0,0.3320571292607363,1.0,1.0
3564,1.0,0.328013598411038,1.0,1.0
3566,1.0,0.20017399662549198,1.0,1.0
3567,1.0,0.29403111472148935,1.0,1.0
3568,0.9995280910929856,0.17993200548147362,1.0,1.0
3569,1.0,0.1764138393515111,1.0,1.0
3570,0.9976703433762769,0.2347878676783117,1.0,1.0
3571,0.9992628266221115,0.23992632174273165,1.0,1.0
3572,0.9975254891481647,0.22155015544660328,1.0,1.0
3573,1.0,0.1923477008113034,1.0,1.0
3574,1.0,0.2064892991888743,1.0,1.0
3575,1.0,0.2159133740682108,1.0,1.0
3576,0.998923999764877,0.2038270259667643,1.0,1.0
3577,0.9997769023259693,0.2212980850243421,1.0,1.0
3585,0.9926253184120652,0.9852830163763905,0.9926253184120652,0.9852830163763905
3588,0.9849062552602138,0.9712254751835877,0.9849062552602138,0.9712254751835877
3590,0.9864580826241648,1.0,0.9864580826241648,1.0
3592,0.9649030608069108,0.8807197231615537,0.9649030608069108,0.8807197231615537
3594,0.9747797512906394,0.9530830299890828,0.9747797512906394,0.9530830299890828
3596,0.9936728569037275,0.9706480838959273,0.9936728569037275,0.9706480838959273
3599,0.9853250466570165,0.9761618933287601,0.9853250466570165,0.9761618933287601
3602,0.9990024552962875,0.9432529940751855,0.9990024552962875,0.9432529940751855
3603,0.9831758669759523,0.9417889278033095,0.9831758669759523,0.9417889278033095
3606,0.9188856239995522,0.3434583984680615,0.8347333433348254,0.7162213815178196
3607,0.9665470022809286,0.4846246485582802,0.8816677545873212,0.7941566189881455
3608,0.642214462753873,0.39951279612433305,1.0,1.0
3609,0.5271212823434904,0.30747549554993764,1.0,1.0
3612,0.5490810772654724,0.2790334701282628,1.0,1.0
3613,0.5489667996734338,0.2615602401488335,1.0,1.0
3616,0.7779530696188225,0.4911688189348265,1.0,1.0
3617,0.3994025559761114,0.25995406444755115,1.0,1.0
3626,1.0,0.19472604870620364,0.9444086038527263,0.8177953470860015
3630,1.0,0.2544384173096711,0.947891190964045,0.8578377877475893
3631,1.0,0.23704764474465573,0.9716871729125426,0.9551325632447865
3632,0.9983608182108917,0.26302146193966963,0.9346442420064327,0.8818032795203915
3642,0.9997181457561749,0.24524373214700593,1.0,0.9989191740198161
3643,1.0,0.29366947782573477,1.0,1.0
3644,0.9994830149184741,0.260714945138723,1.0,1.0
3646,1.0,0.26986542269002534,1.0,1.0
3647,1.0,0.22117305452690542,1.0,1.0
3649,0.637628484395733,0.430623017474168,0.9719042281712603,0.8384911917209869
3650,0.6212530620150928,0.4717177209700811,0.9948496549950565,0.9834977028739262
3651,0.7217691004652333,0.5615486513710126,0.9306159646299379,0.8761554189580284
3652,0.578835497590308,0.5179845400182813,0.9921148429996317,0.933512063290334
3656,0.9966525943385101,0.2044084377669844,1.0,1.0
3659,0.8116196855411223,0.6542290856739928,0.8116196855411223,0.6542290856739928
3660,0.7594880466337265,0.6270782227857024,0.7594880466337265,0.6270782227857024
3661,0.7621160314344896,0.5626177884062247,0.7621160314344896,0.5626177884062247
3662,0.8075012702454459,0.66233943260814,0.8075012702454459,0.66233943260814
3663,0.9839974527977223,0.21818928417057243,1.0,1.0
3669,0.4145731823013393,0.24051113296039206,1.0,1.0
3670,0.36013362895010304,0.20557692011395903,1.0,1.0
3672,0.5052091667953051,0.25626249508189936,1.0,1.0
3673,0.4273192443813294,0.2276540036501558,1.0,1.0
3675,1.0,0.18551685319318836,1.0,1.0
3677,1.0,0.1549458911129978,1.0,1.0
3678,1.0,0.14224578925852044,1.0,1.0
3679,0.9146051766776307,0.18851489875627017,1.0,1.0
3681,0.9757044015441456,0.22246674903110417,1.0,1.0
3699,0.7024943249447054,0.4947947891839518,1.0,1.0
3702,0.7089682373091284,0.5743888668072386,0.9869173105786687,0.974952564596703
3703,1.0,1.0,1.0,1.0
3704,0.9357581223886667,0.9015374019332314,0.9357581223886667,0.9015374019332314
3708,1.0,1.0,1.0,1.0
3709,1.0,1.0,1.0,1.0
3711,1.0,1.0,1.0,1.0
3712,0.9929864087073944,1.0,0.9929864087073944,1.0
3713,0.9382840422401559,0.9069933450669648,0.9382840422401559,0.9069933450669648
3716,1.0,1.0,1.0,1.0
3717,0.958040364137908,0.9972654212181001,0.958040364137908,0.9972654212181001
3718,0.9375617428241807,0.9025668925268312,0.9375617428241807,0.9025668925268312
3720,0.905956195376216,0.8679487873189609,0.905956195376216,0.8679487873189609
3721,0.438629071936898,0.27779867928060525,1.0,1.0
3727,0.46071369957827485,0.30213895491126375,1.0,1.0
3747,0.9995550351241407,0.161534163117404,1.0,1.0
3748,1.0,0.22459183000662944,1.0,1.0
3766,0.9993976991014383,0.183450749833796,1.0,1.0
3767,1.0,0.21046275164033085,1.0,1.0
3780,1.0,0.17423834200945268,1.0,1.0
3781,1.0,0.23530729650312374,1.0,1.0
3801,0.9990680914593416,0.3045267581233049,1.0,1.0
3803,1.0,0.3870992985272179,1.0,1.0
3806,0.9990468770507052,0.18092007894932505,1.0,1.0
3807,0.9982341748788447,0.23073675672033894,1.0,1.0
3820,1.0,0.16727342106673937,1.0,1.0
3821,1.0,0.2665785032906562,0.99798320278053,0.9947510037786574
3830,1.0,0.16753006612417584,1.0,1.0
3832,1.0,0.2145965494629315,1.0,1.0
3833,1.0,0.3186108532055206,1.0,1.0
3851,0.9927620581891601,0.2834451170460792,0.7697711089210482,0.6461132040036257
3852,0.986901050467673,0.3338999752946421,0.8561385521706996,0.8706295795781592
3853,0.9767928405413422,0.29567917521590825,0.7601548856533565,0.6899782514832151
3856,0.941226094557938,0.7131001304484935,0.7141539853777497,0.5531123509971032
3857,0.9278865597702138,0.835797818926654,0.9278865597702138,0.8786635943370037
3858,0.9593211520693049,0.748639917562756,0.7136565407310593,0.5630885080224863
3861,0.8697376148861329,0.7978618159209576,0.8697376148861329,0.7978618159209576
3862,0.8330480819958535,0.8077304872510072,0.8330480819958535,0.8077304872510072
3863,0.8486798301396455,0.7847044913316766,0.8486798301396455,0.7892969121805268
3869,0.5552936162399332,0.3799307988240606,0.5552936162399332,0.3962890718714862
3871,0.7210400956262584,0.5726385838523463,0.7210400956262584,0.5726385838523463
3872,0.7618647147540892,0.6416422064021832,0.7618647147540892,0.6416422064021832
3874,0.5762589356602379,0.34605028283796524,0.6956961684878158,0.6134035335277152
3877,0.800144605701485,0.6625562369156659,0.9809783290039413,0.9635188012939879
3878,0.8114727472789423,0.6677715345452919,0.9940837380016657,0.9967876814021921
3881,0.9663271972904776,0.9125390136520481,0.9663271972904776,0.9428512119539331
3882,0.9701261162867416,0.9581191552802293,0.9701261162867416,0.9970840952220922
3883,0.9386800247901522,0.8721970812376157,0.9386800247901522,0.9067786176845659
3884,0.9612825770798574,0.8356687594867858,0.9612825770798574,0.9492252615301074
3890,0.8635034178114969,0.43216742420288307,0.7064845606614825,0.4740262542229298
3891,0.9957814612386119,0.34944219542220156,1.0,1.0
3892,0.9954189546908709,0.40295952373117905,1.0,1.0
3893,0.9965324916908113,0.3922350589781013,1.0,1.0
3894,0.9970952309680172,0.35699034196455687,1.0,1.0
3895,0.979816496630544,0.4379440493746986,1.0,1.0
3896,0.9994811010898286,0.34033760515017725,1.0,1.0
3897,0.9980752023616632,0.27995231789886355,1.0,1.0
3898,0.9964045558511143,0.3533872295588547,1.0,1.0
3899,0.9949274945053507,0.37780917443899986,1.0,1.0
3900,0.9966559045760953,0.334979265865899,1.0,1.0
3901,0.9992416249908049,0.43174828892693473,1.0,1.0
3903,0.9961926029527304,0.27942651649888167,1.0,1.0
3904,0.9988310369544168,0.2743576869973052,1.0,1.0
3905,0.9988067671069062,0.286304066028788,1.0,1.0
3906,0.9994047532566619,0.26727714288602955,1.0,1.0
3911,0.9997825231689527,0.35275771319084676,1.0,1.0
3912,0.9944457492992854,0.36699117949297,1.0,1.0
3913,0.9939596569634026,0.360732902951391,1.0,1.0
3915,0.9817764401881972,0.4185798225972899,1.0,1.0
3916,0.9993099997763084,0.35446444991864523,0.9966195297558462,1.0
3917,0.9975640772155995,0.3337157930321173,1.0,1.0
3918,0.9935548267247502,0.38096329832250003,1.0,1.0
3919,0.9954835925338498,0.44540748639226774,1.0,1.0
3920,0.9935542389124203,0.40702944399996355,1.0,1.0
3921,0.9967084326598551,0.3535478120605089,1.0,1.0
3922,0.9989441976087655,0.28125197871856444,1.0,1.0
3923,0.9893395562222774,0.34705145435362034,1.0,1.0
3924,0.9894272541003011,0.355027602006075,1.0,1.0
3925,0.9987882839833125,0.359333796700065,1.0,1.0
3927,1.0,0.22906225175467693,1.0,1.0
3928,1.0,0.21691426679417447,0.9991316680916028,1.0
3974,0.7950454313661398,0.6353675427494521,0.7950454313661398,0.6353675427494521
3978,0.7820108341901826,0.6496292203270495,0.7820108341901826,0.6496292203270495
3982,0.7827313845900399,0.645064307376485,0.7827313845900399,0.645064307376485
3986,0.8175726209069244,0.7133018093725603,0.8175726209069244,0.7133018093725603
3990,0.7811154184864577,0.7005500776223954,0.7811154184864577,0.7005500776223954
3995,0.8245135369278478,0.6992629158770305,0.8245135369278478,0.6992629158770305
4000,0.7824140633086184,0.6389128649620526,0.7824140633086184,0.6389128649620526
4005,0.7997084214505868,0.6400603729461858,0.7997084214505868,0.6400603729461858
4010,0.8021309546984537,0.6914378960401764,0.8021309546984537,0.6914378960401764
4015,0.7725390160894705,0.5806806791719106,0.7725390160894705,0.5806806791719106
4026,0.9891505306012133,0.2604163684332788,1.0,1.0
4041,0.9803816129421187,0.2776404476028263,0.9506581456895691,0.8757623753240374
4054,0.9746110658292578,0.39785106920083335,0.9987697844522867,0.995911530543235
4067,0.9752745525734691,0.27549858770179236,1.0,1.0
4069,0.923375645577279,0.2868676059238049,1.0,1.0
4077,0.6335170164722135,0.4232073773020757,0.6669791507264247,0.44949614111650715
4080,0.6722747918655484,0.5880696463409887,0.6631564273668469,0.48579738275736956
4081,0.6872557200606562,0.6101515407041247,0.6337721636111435,0.45979778654126835
4082,0.5159604421346113,0.2639874581328019,0.563553213170014,0.26737488662510855
4085,0.6370082692049928,0.3936342789682268,0.6235283002361359,0.41186089591755665
4087,0.48654171926292766,0.26826349273252653,0.5880987663376296,0.38532966728239954
4090,0.6903445895982676,0.39386420188948107,0.789386942002212,0.6353512378419639
4091,0.6695098568419263,0.376558493395834,0.7975540816865448,0.611429745458115
4097,0.6514848454843126,0.4765457571811771,0.6514848454843126,0.4765457571811771
4100,0.8247237942840223,0.712695097892172,0.8247237942840223,0.7252020342548104
4101,0.7744033426393052,0.678962844989473,0.7744033426393052,0.6861982141585955
4102,0.6678410963741593,0.4538432359102807,0.5134744985742609,0.3482706171383072
4105,0.8835125341854138,0.6380388064963537,0.7844555221820598,0.713704640468108
4106,0.8570590971346692,0.6635679249726656,0.7698323233882555,0.7058466884120963
4108,0.7145145026413836,0.2500152705525158,0.6089376478178542,0.4224990611373824
4111,0.8095538303440794,0.38026337867437426,0.6978592231785835,0.5660622827511878
4218,0.9330135065784049,0.8630867752003848,0.9330135065784049,0.8630867752003848
4219,0.9341475429373292,0.8455891515728842,0.9341475429373292,0.8455891515728842
4234,0.9942607281884301,0.9774804475409575,0.9942607281884301,0.9774804475409575
4239,0.9709000903333881,0.9139238349832592,0.9709000903333881,0.9139238349832592
4243,0.9618223818669853,0.9207068676907851,0.9618223818669853,0.9207068676907851
4245,0.9493374570362297,0.9003953064394847,0.9493374570362297,0.9003953064394847
4249,0.7059248423565915,0.5651281464852471,0.7059248423565915,0.5651281464852471
4252,0.6712452262412084,0.6038530716467766,0.6712452262412084,0.6038530716467766
4258,0.6836079654617946,0.5805988863935475,0.6836079654617946,0.5805988863935475
4261,0.6764504019393833,0.568138916688809,0.6764504019393833,0.568138916688809
4275,0.7511370900796134,0.548193512125798,0.7511370900796134,0.548193512125798
4277,0.7005879276984437,0.6011971175972229,0.7005879276984437,0.6011971175972229
4288,0.7675694805428848,0.5713484421511199,0.7675694805428848,0.5713484421511199
4298,0.8065090439204294,0.6734534901612287,0.8065090439204294,0.6734534901612287
4299,0.8346281218054583,0.6820815890661664,0.8346281218054583,0.6820815890661664
4300,0.7691851678503474,0.5944909901586581,0.7691851678503474,0.5944909901586581
4302,0.7993204721742317,0.704140297068275,0.7993204721742317,0.704140297068275
4303,0.7904124173297202,0.6915266565336462,0.7904124173297202,0.6915266565336462
4321,1.0,0.17422060586597063,1.0,1.0
4325,0.9997087558243881,0.1736099760023663,1.0,1.0
4329,1.0,0.19061688371727012,1.0,1.0
4337,1.0,0.20831146720217356,1.0,1.0
4345,1.0,0.19761608336372563,1.0,1.0
4349,0.9991480068604376,0.17751912394103703,1.0,1.0
4353,1.0,0.21263586607341817,1.0,1.0
4361,1.0,0.2812758784365648,0.9964533270665592,1.0
4362,0.9997761838252112,0.28586554838102785,1.0,1.0
4387,1.0,1.0,1.0,1.0
4392,1.0,1.0,1.0,1.0
4393,0.9420902129706754,0.9081506429807431,0.9420902129706754,0.9081506429807431
4397,0.8239621628300171,0.7422249436470649,0.9981311033447886,0.997803984689803
4401,0.9575916891432872,0.9127464159865718,0.9575916891432872,0.9127464159865718
4404,0.9965025736411341,0.9940932363821685,0.9965025736411341,0.9940932363821685
4408,0.9974265616030072,0.37145269996719643,0.9945690310684112,1.0
4465,1.0,0.3143499760898162,1.0,1.0
4468,1.0,0.39081452830203217,1.0,1.0
4469,1.0,0.30832182576922545,1.0,1.0
4474,0.6783890406580771,0.344525317608554,1.0,1.0
4475,0.6501760140295663,0.2729119387395781,1.0,1.0
4479,1.0,0.19615789021603386,1.0,1.0
4480,1.0,0.23425916927015553,1.0,1.0
4483,1.0,0.275871584588514,1.0,1.0
4484,1.0,0.23364730553499555,1.0,1.0
4485,0.9997518309218781,0.21620898197950772,1.0,1.0
4489,0.9997864653157452,0.16494018521728895,1.0,1.0
4561,0.6933439118033459,0.5540880140796699,0.9967862996274964,0.9879408722175741
4565,0.752160191449372,0.5464414429803406,0.9972228153513829,1.0
4569,0.5281021188377167,0.30084633291004115,0.9694899339712063,0.9441424180707119
4578,0.7063755857273802,0.5562831464410658,1.0,1.0
4581,0.7407542841036334,0.6569965772147871,1.0,1.0
4611,0.9702273807193134,0.7839981269718684,1.0,1.0
4612,0.9570267960252199,0.7710401720512944,1.0,1.0
4613,0.9906122155439688,0.80405095461453,1.0,1.0
4614,0.9969626772087741,,1.0,1.0
4620,1.0,0.2828243961885317,1.0,1.0
4621,1.0,0.3375447980352768,1.0,1.0
4624,0.6973257060034951,0.33793125535507196,1.0,1.0
4625,0.699922800898418,0.31067878983579544,1.0,1.0
4629,0.6879468902508524,0.39230273917125824,1.0,1.0
4630,0.6056026377910211,0.36631370780229655,1.0,1.0
4631,0.723213018296866,0.3633512667022124,1.0,1.0
4634,1.0,0.167925471729985,1.0,1.0
4635,0.9146925089139132,0.33451996859630523,0.9995384837103733,0.9987018482597537
4636,0.903808396180958,0.3238282665871031,0.9207529904242865,0.7804834804892554
4637,0.9223609268981198,0.2706164650538127,0.9053525164025714,0.8318180852180049
4638,0.9533787711640738,0.32645153923942805,0.9714202211539009,0.9144089925759558
4639,0.9693975197374225,0.2618519521991844,0.9223297318477996,0.8137909977073498
4640,0.9997760537284336,0.24479195551804217,1.0,1.0
4641,1.0,0.18329281047387996,1.0,1.0
4643,0.9997488600785291,0.24783047541621664,0.9747162572375686,0.9790641375427961
4645,0.921341560842839,0.8613333333333332,0.921341560842839,0.8613333333333332
4646,1.0,1.0,1.0,1.0
4647,0.9991587018718009,1.0,0.9991587018718009,1.0
4648,0.9991633527007586,1.0,0.9991633527007586,1.0
4649,0.999582489918696,1.0,0.999582489918696,1.0
4650,0.9991080626579769,1.0,0.9991080626579769,1.0
4651,0.9894294264504516,0.9770788749160544,0.9894294264504516,0.9770788749160544
4652,0.9918458007689989,0.9870341290536354,0.9918458007689989,0.9870341290536354
4653,1.0,0.19174510049636562,1.0,1.0
4654,1.0,0.19834596889154785,1.0,1.0
4657,1.0,0.32259460605863927,1.0,1.0
4658,1.0,0.30758658405326056,1.0,1.0
4661,1.0,0.27553878982424845,1.0,1.0
4665,1.0,0.26639365880548854,1.0,1.0
4669,1.0,0.44175098195400275,1.0,1.0
4670,0.9992927345233114,0.4075380221186508,1.0,1.0
4671,0.9966632911968372,0.3142139372548036,1.0,1.0
4672,0.9995029493392128,0.42271340049660383,1.0,1.0
4673,1.0,0.3348403290855982,1.0,1.0
4675,0.6238273119854574,0.4737107444174599,1.0,1.0
4678,0.5744086185882389,0.4467306545012558,1.0,1.0
4679,0.6610596083225524,0.4662923250012764,1.0,1.0
4681,0.6854337576921035,0.6394533377136999,1.0,1.0
4684,0.511777166475489,0.3884378128551505,1.0,1.0
4685,0.5656739051858444,0.5041276773579059,1.0,1.0
4687,0.47447517722578847,0.3671601902359446,0.9979359167696139,0.9989750166324944
4690,0.5446079925137252,0.4480874054139334,1.0,1.0
4691,0.5537422433174113,0.412829000344176,1.0,1.0
4698,0.9928355240622081,0.4271235002589252,0.9996385252715246,1.0
4699,0.9911250788226946,0.38318135594456143,0.9988642788357089,0.999435599155205
4703,0.9866994793203181,0.5459053862180796,1.0,1.0
4704,0.7306904172926121,0.568921746345343,1.0,0.9740523752692398
4705,0.7266574892628372,0.512536608415236,1.0,1.0
4708,0.6819494531615111,0.533464035062462,1.0,0.9220986068869252
4709,0.6147084546490514,0.4792435101235981,1.0,0.9560502132274868
4711,0.7297922211496498,0.4477028981726476,0.9948258681730658,0.9982009071721837
4712,0.6755502256902488,0.5050527067605363,1.0,1.0
4713,0.6565112450703707,0.477562431888396,1.0,1.0
4716,0.7479919569503728,0.6062487901356428,0.9949840437044187,0.9952807429370975
4717,0.8444997939780374,0.788088426016516,1.0,1.0
4718,0.6152018503605667,0.5092254610283155,1.0,1.0
4720,0.9990731754368878,0.2280201342951319,0.9745048622141964,0.96371175939692
4721,0.9997756892156482,0.17352592888778773,0.9983622866878715,0.9989721196084659
4723,0.999724203975652,0.1845000268044597,1.0,1.0
4728,0.8243002022900972,0.6264716617243895,0.9931128747898651,0.9883687284078752
4729,0.7238295126033146,0.5792336547941653,1.0,1.0
4735,1.0,0.17998568286219216,1.0,1.0
4736,1.0,0.22799937216621322,1.0,1.0
4737,1.0,0.3413933296771671,1.0,1.0
4740,0.9958281335214535,0.3625679049094996,1.0,1.0
4741,0.9972704066033998,0.3873753225086863,1.0,1.0
4743,0.9988169063261273,0.2574423112961058,1.0,1.0
4749,0.9983290891489714,0.23427452153792439,1.0,1.0
4750,1.0,0.1752614502703394,1.0,1.0
4752,0.9983328725886262,0.13869439114082205,1.0,1.0
4754,0.9991192060861425,0.21070053740242126,1.0,1.0
4755,1.0,0.20972613567314022,1.0,1.0
4757,0.9985204308359863,0.12386224138647896,0.997469209509116,1.0
4758,0.9993338272719706,0.21042451633016862,1.0,1.0
4759,1.0,0.2313271889898714,1.0,1.0
4760,1.0,0.21014457425331212,1.0,1.0
4762,0.9992327978012064,0.19271613270376117,1.0,1.0
4774,0.9944020362592632,0.6795381060471397,0.9949276590960316,0.9974738786433217
4799,0.9975741258926495,0.278464495228706,1.0,1.0
4800,1.0,0.3299396960112828,1.0,1.0
4801,0.9984960841185962,0.38516332571553635,1.0,1.0
4802,0.9984970445616929,0.3404414796108096,1.0,1.0
4803,1.0,0.41701583133152154,1.0,1.0
4828,0.9722239696231536,0.2684912317141406,1.0,1.0
4829,0.9366779599478561,0.23368810241166815,1.0,1.0
4832,0.9866991840642086,0.29945592718621106,1.0,1.0
4840,0.9389813652403304,0.8230100919904133,0.9477996988059797,0.8977442268946434
4844,0.9440553043445181,0.5626348845781994,0.9474126491157114,0.9423446048573318
4847,0.9975665474561707,0.5174354562815918,0.9994996464780411,1.0
4848,0.9834980389397174,0.6771173757086263,1.0,1.0
4849,0.9982265571604272,0.6805427073697194,1.0,1.0
4852,1.0,0.9937823759458443,1.0,0.9937823759458443
4853,0.997142563890342,1.0,0.997142563890342,1.0
4856,0.9980988859653961,0.9789529724180644,0.9980988859653961,0.9789529724180644
4857,1.0,1.0,1.0,1.0
4858,0.9818936606923823,0.99890941850541,0.9818936606923823,0.99890941850541
4859,0.9151755353594727,1.0,0.9151755353594727,1.0
4860,0.9951345947178019,0.9726167851081696,0.9951345947178019,0.9726167851081696
4861,0.9787681075649368,0.9662397501028296,0.9787681075649368,0.9662397501028296
4862,1.0,1.0,1.0,1.0
4863,1.0,1.0,1.0,1.0
4864,1.0,1.0,1.0,1.0
4870,1.0,0.21438475688075562,1.0,1.0
4872,0.9935651015305808,0.9962884905906709,0.9935651015305808,0.9962884905906709
4873,1.0,1.0,1.0,1.0
4880,0.9210672112133564,0.8588358421516847,0.9210672112133564,0.8588358421516847
4881,0.9686908562280978,0.9225330023668755,0.9686908562280978,0.9225330023668755
4882,0.9082892825335808,0.8476942994939912,0.9082892825335808,0.8476942994939912
4884,1.0,1.0,1.0,1.0
4885,0.9279335193940809,0.8648384298860449,0.9279335193940809,0.8648384298860449
4888,0.9758814090837333,0.9202143400192996,0.9758814090837333,0.9202143400192996
4901,0.7291981045370475,0.46443037530599,0.9595049207869385,0.9061774514588208
4905,0.7045294399462362,0.49112290927386126,0.9889720886874345,0.9441903910479529
4914,0.9990814186887897,1.0,0.9990814186887897,1.0
4916,1.0,1.0,1.0,1.0
4917,1.0,1.0,1.0,1.0
4918,0.9998138693758729,1.0,0.9998138693758729,1.0
4919,1.0,1.0,1.0,1.0
4920,0.9988264486217718,1.0,0.9988264486217718,1.0
4921,1.0,1.0,1.0,1.0
4922,0.9992317834535471,0.25388361436479745,0.913736597369734,0.8591384366717079
4937,0.9475779866673218,0.20767459388126308,1.0,1.0
4938,0.9184995613370475,0.2668879944656168,1.0,1.0
4939,0.8593110421991793,0.20932161471619828,1.0,1.0
4940,0.8670348255528585,0.253316449294372,1.0,1.0
4941,0.9739191680209951,0.2201384260246641,1.0,1.0
4942,0.9204874386552984,0.21755644301078636,1.0,1.0
4943,0.9180477843080548,0.2434783038931278,1.0,1.0
4944,0.8908803333217019,0.19779181891547568,1.0,1.0
4945,0.9805280711764,0.2129859130845513,1.0,1.0
4946,0.7530316812927137,0.2044194079495993,1.0,1.0
4947,0.9403620492027145,0.1970143922345419,1.0,1.0
4948,0.7769360372779205,0.2808735851570751,1.0,1.0
4949,1.0,0.29390872991801376,0.9855611394132943,1.0
4950,1.0,0.20627558104076568,1.0,1.0
4953,0.9993947237011801,0.37693626434167227,1.0,1.0
4966,0.9706313809234642,0.9736893060144998,0.9706313809234642,0.9736893060144998
4967,0.9852173650729285,0.972373704224842,0.9852173650729285,0.972373704224842
4968,0.9751001482277987,0.9527012772322547,0.9751001482277987,0.9527012772322547
4969,0.9111554635741005,0.8588074777012993,0.9111554635741005,0.8588074777012993
4977,0.6323014159031304,0.5783177650479621,0.6061668630608225,0.41294214895669296
4979,0.651767335606431,0.6393085899922729,0.6385977100994625,0.4797191704726166
5032,0.9877057735550634,0.3448141268218563,0.9420773234097418,0.8820193889303468
5033,1.0,0.27805950700020965,1.0,1.0
5045,0.9986505376568459,0.5427822637767389,1.0,1.0
5046,1.0,0.283530456533375,1.0,1.0
5047,1.0,0.38636363636363635,1.0,1.0
5059,1.0,0.6562433619903636,0.9987665492603752,1.0
5060,1.0,0.25687140569724703,1.0,1.0
5061,1.0,0.2629206087656454,1.0,1.0
5069,1.0,0.18448990166410018,1.0,1.0
5070,1.0,0.19379585407349476,1.0,1.0
5073,1.0,0.18740750333682613,1.0,0.9988648312443731
5074,1.0,0.19741571591987503,1.0,1.0
5078,1.0,0.27169516302761054,1.0,1.0
5079,1.0,0.322381457958976,1.0,1.0
5086,1.0,0.19395148036847312,1.0,1.0
5087,1.0,0.25421265341502247,1.0,1.0
5094,1.0,0.14466675822639063,1.0,1.0
5095,1.0,0.26623012263088774,1.0,1.0
5098,1.0,0.23412397765687032,1.0,1.0
5099,1.0,0.19287081990149724,1.0,1.0
5102,1.0,0.20108588918334902,1.0,1.0
5103,1.0,0.18199983819044188,1.0,1.0
5105,1.0,0.19400525180043662,1.0,1.0
5106,1.0,0.19706754121076894,1.0,1.0
5109,1.0,0.24812800137756028,1.0,1.0
5110,1.0,0.23666674946064875,1.0,1.0
5145,0.9971046060512108,0.25283281178991485,1.0,1.0
5147,0.9985036956439673,0.29257452537070955,1.0,1.0
5149,0.9996141470627324,0.3032003311907537,1.0,1.0
5150,0.999584783437725,0.29132937167583633,1.0,1.0
5151,0.9994453686335881,0.2555019178561489,1.0,1.0
5153,0.9997056074630944,0.2933702988229796,1.0,1.0
5154,0.9987337019891438,0.30664046546964846,1.0,1.0
5156,1.0,0.2805243086388725,1.0,1.0
5158,0.9996795163117125,0.2814650571256881,1.0,1.0
5160,0.9992453527508257,0.27179648835243636,1.0,1.0
5161,0.9992094145576856,0.24740915861976073,1.0,1.0
5162,0.999060929021246,0.2394753934358254,1.0,1.0
5163,1.0,0.2884381292889697,1.0,1.0
5168,0.6832134664727886,0.42802954347743705,1.0,1.0
5184,0.9093965587585927,0.9693086019679009,0.9093965587585927,0.9693086019679009
5196,0.9950894545395936,0.6768155367824337,0.9992005066860712,1.0
5197,0.9997613458469259,0.4486885130339323,0.9988608461318161,0.9958134615854803
5199,0.9913739768969353,0.2964024010979516,1.0,1.0
5204,0.9949217673063625,0.32892637063932834,0.9867354767610795,0.9880978039305895
5207,0.5849590143949426,0.23609380301764346,1.0,1.0
5212,0.7131010611903402,0.27490177776395214,1.0,1.0
5219,0.7519912260825526,0.5953623453841199,0.7519912260825526,0.5953623453841199
5220,0.7848657566287089,0.6489209837055788,0.7848657566287089,0.6489209837055788
5224,0.8723713706887594,0.8414003176823116,0.8723713706887594,0.8414003176823116
5229,0.8156020297208509,0.6932537344919264,0.9864498155859418,0.9832298827047151
5230,0.7578547190562137,0.6529724209959815,0.9816006889307001,0.9740267561244281
5233,0.8596873341737138,0.7722304234291805,1.0,0.9252070124069178
5234,0.866343333909787,0.8253391290501653,0.9991849544288253,0.998881125067036
5237,0.940899264010319,0.9057263230566217,0.940899264010319,0.9057263230566217
5241,0.9548899530331538,0.8960201535529739,0.9548899530331538,0.8960201535529739
5249,1.0,0.27253533447722067,1.0,1.0
5252,0.9995074843871469,0.24366521739719824,1.0,1.0
5254,1.0,0.2644238801311117,1.0,1.0
5257,1.0,0.19722411449628846,1.0,1.0
5258,0.9958208908722619,0.24210487478884804,1.0,1.0
5259,1.0,0.2268974656845525,1.0,1.0
5260,0.9993423899408626,0.2700867281716358,1.0,1.0
5261,0.99969475020716,0.24157467711740083,1.0,1.0
5263,0.99974907967928,0.34008309895726724,1.0,1.0
5264,0.9997104847845364,0.2577716037435591,1.0,1.0
5265,0.998073334057524,0.26509107330412707,1.0,1.0
5266,1.0,0.2248129553515883,1.0,1.0
5271,1.0,0.25363547385456586,1.0,1.0
5272,1.0,0.21539843699628522,1.0,1.0
5275,1.0,0.20989114868081118,1.0,1.0
5276,1.0,0.27166866144636037,1.0,1.0
5277,1.0,0.17287461850890393,1.0,1.0
5278,1.0,0.14964147551510062,1.0,1.0
5280,0.9987813124931109,0.27935968760067004,1.0,1.0
5282,1.0,0.25046200086386994,1.0,1.0
5283,1.0,0.19667021236798937,1.0,1.0
5284,1.0,0.2558842632831162,1.0,1.0
5285,0.5902733009051916,0.45256032332688717,0.9972265926339083,0.9947088047198054
5286,0.6515356988838985,0.4378200690591515,0.9991760764461125,0.9954303070597634
5289,0.6404020209707999,0.4920162814144591,0.9845538445350853,0.9762569097256473
5293,0.6623387170495245,0.5376983706206152,0.9786390303786183,0.9544631196609717
5294,0.6654599457457941,0.4546005512313787,0.972112908355663,0.960929370892448
5295,0.8865783438161803,0.7438826891179797,0.9957166800131878,1.0
5296,0.6541204975876447,0.4389123826152052,1.0,1.0
5297,0.9972676894356891,0.28323534734025463,0.9976820892368716,1.0
5302,0.9989919500887635,0.21766972537417573,1.0,1.0
5307,0.9993660788928617,0.1937267297675892,1.0,1.0
5312,0.9988570844156209,0.20253626573125022,1.0,1.0
5316,0.9973007789530265,0.21899451473351886,1.0,1.0
5319,0.8345694324901258,0.705534816076162,0.99567349039138,0.9875955843811692
5320,0.8724636236261556,0.7248401542002226,0.9936043076086979,0.986955617591847
5321,0.6750045005786305,0.5787782431709483,0.9088824354309843,0.8650420054167027
5322,0.6635896198222017,0.4206193460216884,0.9722380406352115,0.9199762545778988
5323,0.7094187799937327,0.4719481057193626,0.9891380992850525,0.9778622139749414
5324,0.6277664625555174,0.555265589648366,0.9282694666259113,0.8760523087551538
5325,0.4576977206826811,0.2919432247265354,0.9990756328971995,0.9984381822436655
5326,0.43553506269957243,0.31161106611644085,1.0,1.0
5329,0.9991505249597527,0.2701765104784648,1.0,1.0
5330,1.0,0.26654622459767185,1.0,1.0
5333,1.0,0.23212130317660126,1.0,1.0
5335,1.0,0.3233054773186343,1.0,1.0
5337,1.0,0.2470838005106681,1.0,1.0
5339,1.0,0.26338043627706875,1.0,1.0
5403,0.7279312994727843,0.5437431616559911,0.9993597976255711,0.9942437751450974
5405,0.7104249819368171,0.5935167930492751,0.7104249819368171,0.5935167930492751
5406,0.826943173962258,0.6490626795966614,0.826943173962258,0.6490626795966614
5414,0.9872252662500598,0.4127140551733962,0.94318378188625,0.9060433097816425
5418,0.628914196340557,0.6223415000283968,1.0,1.0
5422,0.9581523113165302,0.9286565878212515,0.9581523113165302,0.9286565878212515
5443,1.0,0.38721524832580656,1.0,1.0
5446,1.0,0.22594836990798173,1.0,1.0
5452,0.9101837692124064,0.8140989696260317,0.9101837692124064,0.8140989696260317
5453,0.896237907789919,0.8230567981052905,0.896237907789919,0.8230567981052905
5496,0.5144326448764089,0.3348629656666079,0.8013410027369057,0.6470913842800161
5497,0.9894288009839032,0.9828026856967569,0.9894288009839032,0.9828026856967569
5503,0.5804356725747496,0.44159383505838706,0.8189849500837183,0.6501606283197666
5507,0.5737015583907606,0.43578566275721553,0.8104882647066965,0.6453500583902435
5508,0.6496878006194979,0.5186236829874764,0.8414178697106455,0.7394232185836144
5521,1.0,0.2349652066988522,1.0,1.0
5522,0.9998176998687267,0.37031174800136724,0.9908032589010294,0.9916550538302062
5605,1.0,0.2989076618360906,1.0,1.0
5641,1.0,0.3743587697237117,0.9373187060053585,0.8864653163129586
5643,0.9946136918539482,0.2903590820039753,0.8844348995924981,0.7709093395663552
5645,0.9951386191444853,0.3200864668058741,0.819862903496049,0.7080742953879574
5659,0.9944495742927018,0.29938365988784954,0.8724566730215028,0.7927452077049058
5660,0.9934448476075576,0.3038093391532784,0.8646168969870137,0.754396020820306
5715,0.7877579987469769,0.2967010134116029,0.7628178629531078,0.6638378790482264
5724,0.8387888791503453,0.5528640697730529,0.9949556113310751,0.9900762323404654
5725,0.8185976854270738,0.3283892191284268,0.847382968716249,0.7515669880139884
5733,0.9277650605077664,0.4949558030829159,0.41099221189629065,0.3399777691945047
5750,0.7053009958336108,0.5677929383533344,1.0,1.0
5774,0.9611958385840648,0.9102306163882207,0.9611958385840648,0.9428582900304618
5793,0.9965806250317218,0.2403015977395328,1.0,1.0
5794,0.9995188450518409,0.2582358578714038,1.0,1.0
5853,0.8131256166857217,0.6637649033610078,1.0,0.9970954274450414
5857,0.7609652658841689,0.6368629757873303,1.0,1.0
5863,0.7160895199879339,0.6618566355185881,0.9661353280106102,0.9532300597935355
5864,0.6272608361379749,0.4732975096258562,1.0,0.9627628306525048
5865,0.5952507750108074,0.45153901923775863,0.9705408844365202,0.9380837304287225
5866,0.6544539957599442,0.5492351472084864,0.9565891104765428,0.9212560573887344
5877,1.0,1.0,1.0,1.0
5878,1.0,1.0,1.0,1.0
5879,1.0,1.0,1.0,1.0
5880,1.0,1.0,1.0,1.0
5890,0.5497814349868538,0.48580847550179496,0.9726550995631643,0.9289051833054993
5899,1.0,0.17491939877874974,1.0,1.0
5907,1.0,0.20245649418252448,1.0,1.0
5918,0.836589267070142,0.7946421638263166,0.9768996320930851,0.9713250720752806
5919,0.8501659684829282,0.8081944751379782,1.0,0.9966053205247746
5920,0.9545276632400461,0.8804437989691899,1.0,1.0
5921,0.8675604302721116,0.7728853206238151,1.0,0.9983257980717569
5922,0.8484074436859195,0.7935647257979075,0.9880219900758886,0.9847765347907651
5926,0.8237918044147279,0.7916912269964802,1.0,1.0
5927,0.9347995485002678,0.8699352762272465,0.9347995485002678,0.8699352762272465
5928,0.8481590557707375,0.794003290342099,0.8481590557707375,0.794003290342099
5929,0.954516557879298,0.8983928216153271,0.954516557879298,0.8983928216153271
5930,0.939391458639823,0.8590206497392647,0.8174051129532501,0.7880439239121932
5931,0.8672117966901199,0.8607092761091106,0.8672117966901199,0.8607092761091106
5934,0.8897340432946805,0.8167343791058967,0.8897340432946805,0.8167343791058967
5935,1.0,1.0,1.0,1.0
5942,1.0,1.0,1.0,1.0
5946,1.0,0.9799468000401066,1.0,0.9799468000401066
5950,0.9048634728379847,0.8484054234022358,0.9048634728379847,0.8484054234022358
5951,0.8934674075445883,0.8435729418140613,0.8934674075445883,0.8435729418140613
5954,1.0,1.0,1.0,1.0
5958,1.0,1.0,1.0,1.0
5964,0.9994176895355564,0.39760794978673936,1.0,1.0
5965,1.0,0.3078222597563119,1.0,1.0
5970,0.9000086607205957,0.8158032605752731,0.97464903304745,0.9874735155366208
5971,0.8700913230843805,0.799239112955518,0.9961330644764569,0.9936290767528966
5972,0.9423423316503003,0.9288247910961894,0.9895458656803209,0.9626584030742956
5975,0.9281661526582592,0.900533994658152,0.8896698875751199,0.8663089602654699
5984,0.6407868312319145,0.3786446419564443,0.9938110387937784,0.988744234749115
5985,0.6414555564612704,0.4286055265151965,0.9963687984979331,0.9894339417585025
5986,0.7246203760887273,0.49364621219951765,0.9901285793560174,0.9939553051131894
5987,0.7452572382727185,0.5860342863481586,1.0,1.0
5988,0.999767110870146,0.38743460808034047,1.0,1.0
5989,1.0,0.33244533315199903,0.9883776192377987,0.9671201625731761
5990,1.0,0.3419159034968247,0.9859364555070711,0.9840145564383364
5991,1.0,0.4954694676451368,1.0,1.0
5992,0.6333256760168449,0.30079434563163154,0.966659152138294,0.946545295768091
5993,0.5959244875921252,0.32601526428792726,0.9714553710214804,0.9551213748377135
5994,0.6575449196642464,0.35709479859782506,0.9850402175200158,0.9712847483096501
5995,0.706262393963078,0.28383011528070234,1.0,1.0
5996,0.8937089866722365,0.8938659539742828,0.8937089866722365,0.8938659539742828
5997,0.906080084632593,0.9297446109057355,0.906080084632593,0.9297446109057355
5998,1.0,0.21726158707528945,0.9967171053101797,1.0
5999,1.0,0.20109659597908092,1.0,1.0
6000,0.9990745917552074,0.21709081295812688,0.9993335734376649,0.9988073742808408
6001,0.8633418095821144,0.8460066235019468,0.8633418095821144,0.8460066235019468
6002,1.0,0.2459995565285173,1.0,1.0
6003,1.0,0.28225352617988136,1.0,1.0
6004,0.99931444379835,0.20207969354079403,1.0,1.0
6005,1.0,0.234998661923751,1.0,1.0
6006,1.0,1.0,1.0,1.0
6007,1.0,0.17665554313414583,1.0,1.0
6008,0.9990932052808132,0.181942606614021,1.0,1.0
6009,0.9996549230168962,0.21909236310317956,1.0,1.0
6010,1.0,0.23462920261276562,1.0,1.0
6011,1.0,0.1939763101115571,1.0,1.0
6021,0.9335853275351172,0.8994064023743904,0.9335853275351172,0.8994064023743904
6022,1.0,1.0,1.0,1.0
6023,0.9897547377774799,0.9857542227905605,0.9897547377774799,0.9857542227905605
6024,0.9800975579944672,0.9704917088899125,0.9800975579944672,0.9704917088899125
6030,0.9263160116698522,0.8887879414593745,0.9263160116698522,0.8887879414593745
6032,0.9589713005978393,0.9226955235316988,0.9589713005978393,0.9226955235316988
6033,0.9246930814834207,0.8685260565072248,0.9246930814834207,0.8685260565072248
6034,0.8893258231455421,0.804378050572649,0.8893258231455421,0.804378050572649
6035,0.9144472354378042,0.859690766570359,0.9144472354378042,0.859690766570359
6036,0.90200462249514,0.7962889016255998,0.90200462249514,0.7962889016255998
6037,0.9734170614719794,0.9417382604426102,0.9734170614719794,0.9417382604426102
6038,0.9721151791752314,0.9516177393581612,0.9721151791752314,0.9516177393581612
6054,1.0,0.23368299017215904,0.9977695306573121,1.0
6055,0.9997102801758246,0.18767233107413672,1.0,1.0
6058,0.9990453107002397,0.24270916853790186,0.976381779583898,0.9553558770916771
6059,1.0,0.23194754945710586,1.0,1.0
6061,1.0,0.36729992335954037,1.0,1.0
6064,0.8325114469474688,0.6013812246341126,0.8841116028331497,0.8706054238468945
6069,0.9412737128914995,0.44323022229639103,0.9022153480440986,0.8798692209768071
6070,0.9055810928477857,0.8614635975606624,0.9055810928477857,0.8614635975606624
6078,1.0,0.24934012253603863,1.0,1.0
6079,0.9980142778450974,0.254101204808605,0.9978587023112697,0.9971524929346943
6084,0.7801270185198712,0.7186398854795992,1.0,1.0
6085,0.7999385046064131,0.6871570223407216,0.9989214535552491,1.0
6086,0.7951714285669841,0.7294362981126993,0.7951714285669841,0.7294362981126993
6087,0.6899759255476112,0.5795779465566285,1.0,0.9983833300067676
6089,0.6708533152685052,0.46160710000797806,0.9623057840224354,0.9669584954767226
6093,0.6805670880433407,0.45455798424430793,0.9016099189930448,0.7839490642581227
6094,0.6834439292121293,0.4961621263790945,0.9959308667408651,0.9649709473820054
6134,1.0,0.2843486825880956,1.0,1.0
6138,0.9998185359088694,0.3417121267107157,1.0,1.0
6151,0.8383730041544445,0.7094251256133575,0.8383730041544445,0.7094251256133575
6156,0.8319504623188452,0.6802485502635317,0.8319504623188452,0.6802485502635317
6159,0.8308232217818882,0.697931290053517,0.8308232217818882,0.697931290053517
6160,0.7975657639874533,0.6894807187554758,0.7975657639874533,0.6894807187554758
6212,1.0,0.41091097552404177,1.0,1.0
6217,0.709293278146473,0.6028528985527009,1.0,1.0
6218,0.6639899241163358,0.5462294023094255,1.0,1.0
6219,0.6954464514750509,0.5583228804227077,0.9995348138791534,1.0
6220,0.6293840171451998,0.43173351416904693,1.0,1.0
6222,0.7545138622335541,0.677714905734188,0.9995499881309675,0.9993196962391379
6223,0.7046812996283988,0.5482474962918172,0.9944916298937131,1.0
6224,0.7099696468254196,0.613104389291122,0.9995737406848088,1.0
6225,0.6758098597508241,0.5013497011520115,1.0,1.0
6227,0.9904750627454235,0.30085118102739355,1.0,1.0
6228,0.9992291966624053,0.28255890525706445,1.0,1.0
6229,0.9890154939198009,0.4199317735336766,1.0,1.0
6231,0.7881111372496258,0.6262210879821883,0.9533607741387993,0.9441849203772475
6232,0.7371379835799267,0.6197425077441888,0.9649740705534787,0.9432492125614125
6233,0.5950061159335738,0.41379210012451084,0.9932207674222118,0.9934725355948751
6234,0.7978376868335101,0.6280255559321778,0.9962678766771959,0.9963943027041334
6235,0.6633329410515122,0.471413181377831,0.9715552191836481,0.9519072222287172
6238,0.7015030934263613,0.48670883028092715,0.964557527907462,0.9368739043536409
6239,0.7308430603944689,0.6496670178567956,0.9508923880371538,0.9384602139597751
6241,0.6993432079376755,0.5526496039468272,0.965283137644864,0.9202160707154798
6244,0.6355605604177149,0.4930864965836866,0.9474783489665515,0.8986436372894787
6245,0.6775506956062952,0.47648107268573187,0.9626881974897978,0.9312580404609316
6246,0.5553056151693808,0.37748099006194197,0.9347525164285166,0.8824604075272305
6248,0.6375413915368108,0.3621775080788588,0.9534883867893866,0.8283834003407828
6250,0.7137765156073533,0.6865585537571981,0.9389440940070864,0.9255700051933832
6255,0.5689015240907962,0.3426657317554635,0.9887179577541324,0.9804577746426754
6256,0.6076558712378685,0.4211695770036038,0.9366154904081955,0.7697233692127315
6257,0.6378221356040096,0.31189297933553933,0.9505716443830637,0.8966399427289721
6262,0.6312949944645816,0.46492190899990077,0.9031712549956259,0.8571231847747735
6265,0.7108689590310672,0.33984358090534633,0.9857522019115733,0.9593889837284717
6268,0.4600325600331164,0.31813480685925044,1.0,1.0
6269,0.47370978621744864,0.33940708748260656,1.0,1.0
6273,0.9866416098486498,0.21772025013721263,1.0,1.0
6274,1.0,0.25335143030123525,0.9274708298953591,0.8988797393116504
6275,0.995120277734985,0.26261253311947963,1.0,1.0
6280,1.0,0.18108217963711584,0.7495082104649933,0.7530554690235164
6281,1.0,1.0,1.0,1.0
6282,1.0,1.0,1.0,1.0
6290,0.44714007346904616,0.23483757834279181,0.9630782576091284,0.9869484695885671
6296,0.9993071391893918,0.22498678546840026,1.0,1.0
6297,0.9535541026524638,0.6935200975809385,0.7088072346019275,0.5456337676252464
6298,0.8444977596581459,0.7142636593010908,1.0,1.0
6299,0.9382355276226696,0.6436994735270058,0.7515991334590004,0.5799641549524717
6300,0.755747289835607,0.5837043844262916,1.0,1.0
6305,0.9388600811645382,0.6002483931584686,0.7130999577755768,0.4604985764727468
6307,0.9421165031551378,0.7170246552085755,0.7568696590206341,0.6151785693619752
6308,0.9777652315085021,0.6665265499465711,0.7953210327526657,0.6316682047140497
6320,0.6126808589861732,0.4683851650739408,0.99867128469974,1.0
6323,0.5315203081833398,0.367962967175094,1.0,1.0
6326,0.5962142147144063,0.46915496482618335,0.9947970046770452,0.9948111708148856
6331,1.0,1.0,1.0,1.0
6332,1.0,1.0,1.0,1.0
6333,1.0,1.0,1.0,1.0
6334,1.0,1.0,1.0,1.0
6335,1.0,1.0,1.0,1.0
6336,1.0,1.0,1.0,1.0
6337,0.9989154235273966,0.4318288879020283,0.9983256301166131,1.0
6339,0.9945596348135316,0.3477019719724462,0.9976413056009513,1.0
6341,1.0,0.20112402034252852,1.0,1.0
6342,0.9997411106411657,0.23802444389765054,0.9972177243169916,0.9838115017513664
6344,0.9996567524350021,0.20351045566260542,1.0,1.0
6345,1.0,0.09791703174525145,1.0,1.0
6346,0.9992289620140207,0.14749962594959995,1.0,1.0
6347,0.9995052553829192,0.16361457026817763,0.9974848841537713,0.9979341709812978
6348,0.9978450157539532,0.26790269673167094,1.0,1.0
6353,0.8807082669051391,0.8337176303418764,0.8675621643417513,0.8496942051973329
6354,0.9115072749411802,0.8461150185736274,0.9904525148114801,0.9946564348828661
6356,0.9189426704971938,0.8984747386343221,1.0,1.0
6362,0.5010798838321366,0.17331699624027544,1.0,1.0
6366,0.5476306647665349,0.24741467358467237,1.0,1.0
6367,0.35598159103454713,0.2193840632714256,1.0,1.0
6368,0.4661930764516196,0.3135446470486328,1.0,1.0
6369,0.5227983207109904,0.251291798578297,1.0,1.0
6370,0.5186766440882391,0.26862370826292087,1.0,1.0
6386,0.9961967315431581,0.995241549405166,0.9961967315431581,0.995241549405166
6387,0.9411216604926087,0.9158148613994733,0.9411216604926087,0.9158148613994733
6388,0.9847082861205713,0.963018121960632,0.9847082861205713,0.963018121960632
6395,1.0,1.0,1.0,1.0
6396,0.9800013663139523,0.9700998987319965,0.9800013663139523,0.9700998987319965
6398,0.880637464807053,0.8346463813447746,0.880637464807053,0.8346463813447746
6399,0.8174502292441431,0.7467651846501261,0.8174502292441431,0.7467651846501261
6400,0.9541554787520368,0.9253919660006963,0.9541554787520368,0.9253919660006963
6408,0.9803786025235961,0.9607730713316578,0.9803786025235961,0.9607730713316578
6409,0.9927947468588226,0.9706058355259889,0.9927947468588226,0.9706058355259889
6422,0.8594587087665357,0.7839688670060959,0.8594587087665357,0.7839688670060959
6423,0.9212851086084723,0.8429642066773497,0.9212851086084723,0.8429642066773497
6424,0.9460893378502593,0.931398705212943,0.9460893378502593,0.931398705212943
6445,0.5439130032917723,0.33300787451305125,1.0,1.0
6452,0.6085769176593633,0.3722781686920708,1.0,1.0
6562,1.0,1.0,1.0,1.0
6576,0.5323812387362968,0.4028089223134806,0.9284118447621651,0.8956519884896716
6577,0.8175227496805433,0.7721290843346501,0.999258419809491,0.9987049394770672
6598,1.0,1.0,1.0,1.0
6599,0.9746917070933044,1.0,0.9746917070933044,1.0
6613,0.9554104893835026,1.0,0.9554104893835026,1.0
6614,0.9553489604156699,0.9989412557503342,0.9553489604156699,0.9989412557503342
6624,0.9126402902460048,0.8998367928919475,0.9126402902460048,0.8998367928919475
6625,0.9027406531208093,0.8730997742561667,0.9027406531208093,0.8730997742561667
6638,0.9912763043513078,1.0,0.9912763043513078,1.0
6644,0.5852488634194245,0.39163319395907426,1.0,1.0
6647,0.5175502887917653,0.37118724225099836,1.0,1.0
6648,0.7510164781067543,0.25004455823308647,1.0,1.0
6649,0.6549247002407427,0.2482612123988356,1.0,1.0
6650,0.7084655784785029,0.27406719877305274,1.0,1.0
6653,0.8757763729295073,0.39228601282133235,1.0,1.0
6668,1.0,0.30556943077936444,1.0,1.0
6669,1.0,0.18683875562332036,1.0,1.0
6673,1.0,0.2679378710419205,1.0,1.0
6676,0.6236828466222517,0.4671045040993844,1.0,1.0
6677,0.7184436958990414,0.5276040738268979,1.0,1.0
6680,0.7973381139253843,0.6546888394325091,0.7973381139253843,0.6546888394325091
6681,0.8019272809637489,0.6378994261477047,0.8019272809637489,0.6378994261477047
6682,0.8512036268614842,0.7467896604536978,0.8512036268614842,0.7467896604536978
6683,0.8501765499425323,0.681608337305517,0.8501765499425323,0.681608337305517
6690,0.8609973243328903,0.7568098476104905,0.8609973243328903,0.7568098476104905
6691,0.8321538379136976,0.7268722483131582,0.8321538379136976,0.7268722483131582
6692,0.90758627463034,0.7987250586854461,0.90758627463034,0.7987250586854461
6706,0.9945735596655162,0.6247183525494105,0.9990396013319717,0.9981580841667076
6708,0.9971306373464891,0.5867013741034942,0.9967192024575009,0.9993782449182128
6709,0.9995699859694833,0.6390422655140228,0.9993254977141968,0.9982380604278875
6710,1.0,0.5888904662198945,0.9966144099638666,0.9994546904229127
6711,0.9944909243800909,0.6373450144150031,0.9990530223272623,0.9989169062526135
6718,1.0,1.0,1.0,1.0
6721,1.0,1.0,1.0,1.0
6724,1.0,0.9905176813403717,1.0,0.9905176813403717
6740,0.9966583236559999,0.3876719515573792,1.0,1.0
6741,0.9944016327485957,0.3172942218394146,1.0,1.0
6742,0.9941831989705472,0.30577442860556847,1.0,1.0
6744,0.9982578630911557,0.36583145255556754,0.9990136980544141,1.0
6745,0.9958292147750166,0.2913179204286104,0.9990485753829945,1.0
6746,0.9995525505815808,0.2889021725090472,1.0,1.0
6749,1.0,0.17107399796273542,1.0,1.0
6755,0.9994050740209491,0.20117146069293645,1.0,0.9927858425096445
6759,1.0,0.2960979872123257,0.9931544577116879,0.9917415473931817
6775,1.0,0.28325175012714493,1.0,1.0
6784,0.9984965474685051,0.24292207804169852,1.0,1.0
6787,1.0,0.21750878435203158,1.0,1.0
6789,0.7789192882404874,0.3897516909284496,1.0,1.0
6793,0.9997307564003901,0.2513944129086602,0.9746832637130025,0.9355399310147477
6796,0.9994598126948468,0.25532132425664883,1.0,1.0
6801,0.9080521265593583,0.41146358052453574,1.0,1.0
6810,1.0,0.34294909288491876,1.0,1.0
6814,0.8530595025635117,0.5064288733358511,1.0,1.0
6815,0.8156214949784726,0.377721150901233,1.0,1.0
6825,0.9983130060858637,0.5067436025573704,1.0,1.0
6826,0.9983948559479255,0.6133546938011857,1.0,1.0
6828,0.9996969484883993,0.5215176704982591,1.0,1.0
6830,0.5642830237826129,0.35230741454353304,0.6619618451398699,0.45934590511773904
6836,1.0,0.3565233796166262,0.9991451907501414,1.0
6837,1.0,0.30349245956577103,1.0,1.0
6846,1.0,0.4028577281189351,0.9955185607141412,1.0
6847,1.0,0.2708332760509089,1.0,1.0
6848,0.9995184580758523,0.2684267555176272,0.9992617969435783,0.9987570088859493
6902,0.8534854783031418,0.8083718373809243,1.0,0.9867732457192951
6903,0.5867311063226621,0.42844119311850554,1.0,1.0
6904,0.5935573928332275,0.4839531121316924,0.9941736617518891,1.0
6906,0.6271925612010821,0.48529358675227674,1.0,1.0
6907,0.5467239800754709,0.418547941791336,1.0,1.0
6965,1.0,0.19680202189987916,1.0,1.0
6969,0.9996845774628409,0.19151384896323947,1.0,1.0
7016,1.0,0.25726322061410295,1.0,1.0
7018,0.9998219265840512,0.22359901660341244,0.9982072077673027,0.9974323755710406
7019,1.0,0.2538235962265981,1.0,1.0
7020,1.0,0.24970690369180448,1.0,1.0
7021,1.0,0.2585839696105662,1.0,1.0
7023,1.0,0.2767129459597334,1.0,1.0
7024,1.0,0.22875610645590927,1.0,1.0
7025,1.0,0.21850503173899147,1.0,1.0
7026,1.0,0.19718065221399078,1.0,1.0
7075,0.5978322910614957,0.336223026281217,0.9967609055032343,1.0
7077,0.6692755329004538,0.45968060367422076,0.9988015770847525,1.0
7078,0.7218117063177062,0.4901939964853298,0.9991876163887556,0.999024714628002
7092,1.0,1.0,1.0,1.0
7093,1.0,1.0,1.0,1.0
7102,0.6212161530859972,0.400926972627244,1.0,1.0
7173,0.9836046853250608,0.8711766193188065,0.9836046853250608,0.9982087768292746
7174,1.0,0.8726924789647511,1.0,1.0
7185,0.8057639632612351,0.6381305370747541,0.8057639632612351,0.6381305370747541
7186,0.7426692242036578,0.492476461123585,0.7426692242036578,0.492476461123585
7188,0.84958916736695,0.648531537163795,0.9994659147353215,1.0
7189,0.7863015070210997,0.5725250542381595,0.9792363655238606,0.9359080436625753
7190,0.7335872210161483,0.5723200559700958,0.9525174644413645,0.8998610990423864
7191,0.7267245268058398,0.6258978814416296,0.9545963972360479,0.8950977280879377
7192,0.7082921166736426,0.4947463768115942,0.962581979168564,0.9884154695269001
7222,0.9739359799214479,0.9557371619659617,0.9739359799214479,0.9557371619659617
7239,0.9829931248207181,0.975271985894406,0.9829931248207181,0.975271985894406
7243,0.9939848318434046,0.981964790152508,0.9939848318434046,0.981964790152508
7260,0.9746012306896963,0.924522184666639,0.9746012306896963,0.924522184666639
7284,1.0,,1.0,1.0
7291,0.7944758203681694,0.6728495959499765,0.9030594633453918,0.8450445864882118
7293,0.6168440929407348,0.47072252523004926,0.8041687620381041,0.6450859264206035
7294,0.9996621044626381,0.1822745446529574,1.0,0.9983461640738794
7299,1.0,0.2458249638894733,0.9991040124775653,1.0
7304,1.0,0.19788905656291328,0.9990205508621666,0.9984949426912312
7310,1.0,0.17558944332255746,0.9952988130150267,0.996664679570906
7329,0.9962993464071408,0.5863080387754065,1.0,1.0
7332,0.765236371886237,0.6509193379167404,0.765236371886237,0.6509193379167404
7334,0.7820101773971485,0.6449718632262521,0.7820101773971485,0.6449718632262521
7336,0.9963956912888494,0.9651947475651864,0.9963956912888494,0.9651947475651864
7338,0.8814113556575238,0.8199744299331617,0.8814113556575238,0.8199744299331617
7343,1.0,1.0,1.0,1.0
7344,0.712376692042264,0.5596334953755717,1.0,1.0
7348,0.7032491546242733,0.5452956240834917,1.0,0.9985872193340001
7350,0.7117655265593462,0.4718928450609151,1.0,1.0
7358,0.9735146811251297,0.3305396435906534,1.0,1.0
7360,1.0,0.28573288729290325,1.0,1.0
7362,0.9464315234047328,0.25186139756288095,0.8674687826250954,0.7943585720086566
7365,1.0,1.0,1.0,1.0
7399,0.9896477516966908,0.2539514443828574,0.6353011874439176,0.47165547431310184
7410,1.0,1.0,1.0,1.0
7411,0.9994884613566568,1.0,0.9994884613566568,1.0
7412,0.9941823286692402,1.0,0.9941823286692402,1.0
7413,1.0,1.0,1.0,1.0
7421,0.740189754137663,0.3767056433606274,0.7702258821887922,0.5683989453062875
7427,0.658146799947437,0.3622601054908729,1.0,1.0
7430,1.0,0.22520347036798982,1.0,1.0
7444,0.998592692531282,0.22441052358425595,1.0,1.0
7457,0.5352196736452618,0.2831203104151261,0.9962760606376257,0.9976185301634481
7458,0.4888639118112379,0.3006641475806868,1.0,0.976069069534242
7459,0.3674472763883608,0.20888822048684066,1.0,1.0
7464,0.7269598950597047,0.6790857663199759,0.7269598950597047,0.6790857663199759
7470,0.9634670389770976,0.9309116909921863,0.9634670389770976,0.9309116909921863
7473,0.6625232226974618,0.5340716680260306,1.0,1.0
7474,0.6565725091880036,0.48765912588234267,1.0,1.0
7481,1.0,1.0,1.0,1.0
7484,0.9941341961560926,0.9915534061606184,0.9941341961560926,0.9915534061606184
7485,0.8787819438754899,0.792100924099454,0.8787819438754899,0.792100924099454
7498,1.0,0.22363151095895362,1.0,1.0
7499,0.9997271650521273,0.25563559470696623,1.0,1.0
7501,0.9996468264184698,0.19583489486084232,1.0,1.0
7512,0.4092623405454656,0.27986652565852044,1.0,1.0
7515,0.44947207210513956,0.2642502851467126,1.0,1.0
7517,0.41231254596205763,0.23986247635952557,1.0,1.0
7520,0.4315340927682714,0.27319202668950104,1.0,1.0
7523,0.6712671460786588,0.24219436200146302,1.0,1.0
7525,0.669579913436634,0.44787723379779354,0.9960765837586667,0.996836310582408
7528,0.8451634889911421,0.5749205058749718,0.9435978985948822,0.8669481747229784
7549,0.49715089022786696,0.3472989080647916,1.0,1.0
7550,0.6258946281105902,0.3772344216186338,1.0,1.0
7552,0.4980221305544803,0.3270950911518204,1.0,1.0
7553,0.5846738479315771,0.3572428859904302,1.0,1.0
7554,0.593907431477756,0.41410486545275815,1.0,1.0
7555,0.46426481508797157,0.3344909332429484,1.0,1.0
7561,0.9960602219408703,0.4232841116689425,1.0,1.0
7562,0.9988165426323492,0.28558140343594385,0.9989657569035494,0.9985843752642174
7564,0.9987770396199477,0.3022240063078798,1.0,1.0
7587,0.9138141741529204,0.8263513328631725,0.9138141741529204,0.8263513328631725
7589,1.0,1.0,1.0,1.0
7592,0.9449005647212888,0.8798974734529478,0.9449005647212888,0.8798974734529478
7599,0.9862119291154972,0.9743476346019743,0.9862119291154972,0.9743476346019743
7602,1.0,1.0,1.0,1.0
7603,1.0,1.0,1.0,1.0
7604,1.0,1.0,1.0,1.0
7607,1.0,1.0,1.0,1.0
7608,0.9251778769136862,0.8526414366771332,0.9251778769136862,0.8526414366771332
7609,1.0,1.0,1.0,1.0
7612,0.9460149115421058,0.828904883321528,0.9460149115421058,0.828904883321528
7618,1.0,0.2894429762540716,1.0,1.0
7619,1.0,0.2280790232912944,0.9981845895305776,1.0
7624,1.0,0.2738158913119299,0.9986209788565268,0.9983263587584491
7625,0.998311958151614,0.23586254866175196,0.9974349153971666,1.0
7628,0.9991443510213024,0.25076159876463805,1.0,1.0
7633,0.9952489102789713,0.384105246650833,0.9915708456534272,0.9871750289296257
7636,1.0,0.25558713712289344,1.0,0.9992287466335262
7637,0.997767277652335,0.241287995642775,0.999183392964448,0.9784018781595433
7644,1.0,0.3038276021449312,1.0,1.0
7660,0.9993411547913216,0.26879378389589076,0.9984073872678126,0.9978421759955524
7661,0.999404839222492,0.23935977075469242,0.9987890990511611,0.9978536469049873
7672,0.996221484261663,0.285341702801178,1.0,1.0
7681,1.0,0.2450777589749754,0.9740333460628091,0.9366931428035679
7684,1.0,0.252229345246279,1.0,1.0
7693,0.5709889222383514,0.3797728569044206,1.0,0.9992393669347247
7696,0.7196063931005117,0.5749857870852605,0.9218490660320365,0.8531837582976768
7707,0.832779970029845,0.5491110932349562,1.0,1.0
7713,0.8321893536097456,0.2515930611263865,1.0,1.0
7714,0.5593077206731512,0.27201726418504596,1.0,1.0
7718,0.9997726389493289,0.2866227986518195,1.0,1.0
7719,0.9962392511103288,0.26626109827642674,1.0,1.0
7721,0.9988928037522657,0.3212535106104296,1.0,1.0
7723,0.9965363929887927,0.3278607019260783,1.0,1.0
7724,0.9960492300486794,0.2704305608551407,1.0,1.0
7726,0.9922004391886893,0.47672408875296907,1.0,1.0
7731,1.0,0.21186822242801023,1.0,1.0
7732,1.0,0.15800176286966183,1.0,1.0
7737,0.7081256560939992,0.6046338281106628,0.9899072920037061,0.9605930286149487
7740,0.5901645475843567,0.45943986170506096,1.0,1.0
7743,0.6469177711576547,0.5365429157198901,1.0,1.0
7747,1.0,1.0,1.0,1.0
7748,1.0,1.0,1.0,1.0
7752,0.9119633604556706,0.8672995853879842,0.9119633604556706,0.8672995853879842
7753,0.976571044702423,0.30741504193127345,1.0,1.0
7754,0.9827779487636346,0.24384867648513908,1.0,1.0
7756,0.9924415670719496,0.37393538192931036,0.997839593778125,0.9961978199806586
7757,1.0,0.18529354487116045,0.9982724556988526,0.997822478733859
7760,1.0,0.22848348450929373,1.0,1.0
7763,1.0,1.0,1.0,1.0
7764,1.0,1.0,1.0,1.0
7766,1.0,1.0,1.0,1.0
7767,1.0,1.0,1.0,1.0
7776,0.7302836923953899,0.6474706810297419,1.0,1.0
7787,1.0,0.24895465910291875,1.0,1.0
7792,0.9976730069175994,0.23687747152829516,1.0,1.0
7801,0.9981223616820356,0.23564591232414836,1.0,1.0
7812,1.0,0.25705051724794353,1.0,1.0
7820,0.6673584564378274,0.5019093305041871,1.0,0.9984963491392815
7824,0.7297084818777859,0.530876897753289,1.0,1.0
7827,0.5553639257586864,0.3197894586277649,0.9637941076051684,0.9497078578999072
7828,0.6549427876257963,0.44633829480495757,0.9572518349267422,0.9407327810192525
7829,0.57792597503239,0.38105284434835524,0.9671169893435156,0.9516073848121244
7832,0.9996459223995537,0.3113001443453653,1.0,1.0
7836,0.9313749040120252,0.49912395417907557,0.9358069085406735,0.8571367106489776
7837,0.9185167845362637,0.4926801559933349,0.9167682456749764,0.8310564903793345
7838,0.8966698401060215,0.3583022489692285,0.9251046732273873,0.8874708339192731
7840,0.5565138397736632,0.4047013850411864,1.0,1.0
7841,0.5777551463518099,0.42797948727149665,1.0,1.0
7848,0.698315835131356,0.5580752523398926,0.698315835131356,0.5580752523398926
7851,0.9278830239182277,0.9048159932900346,0.9278830239182277,0.9048159932900346
7859,1.0,0.2772946227606928,1.0,1.0
7869,0.5683116568843393,0.4984992199260236,1.0,1.0
7872,0.6025950195656556,0.4361074825353129,0.9870663378884275,0.9839823761771496
7875,0.6248489417508177,0.4635218774196656,1.0,1.0
7876,0.5733971523509778,0.3803483061315433,1.0,1.0
7878,0.4608928830715739,0.3193892796629821,1.0,1.0
7879,0.5593410857058098,0.3874842626342784,1.0,1.0
7880,0.5248224793074542,0.30121087565667504,1.0,1.0
7882,0.526757154099995,0.41287881282165106,1.0,1.0
7883,0.7894103014621745,0.6563125111045189,0.9914521686882487,0.9552133499159242
7884,0.7043461939618976,0.5680204418236681,0.975123946426102,0.9646552765987145
7885,0.6396766144415381,0.5007158897746827,0.8886867368364062,0.8185479274558458
7886,0.9955743551897965,0.23553352373755904,0.9967455466965959,0.9954930801399402
7887,0.9981824832023373,0.26577901769731493,0.9978697433828336,0.9970994697344812
7889,0.9925206199112331,0.3726176589007265,1.0,1.0
7899,1.0,0.2847325587863725,1.0,1.0
7914,0.9992335476007814,0.2477204863782186,0.999066062871909,0.9987781343161031
7916,0.7944350238022163,0.26985850472805645,1.0,1.0
7917,0.6971433426854368,0.6202279041330658,0.6971433426854368,0.6202279041330658
7918,0.8160385453169697,0.6818281565058558,0.8160385453169697,0.6818281565058558
7922,0.3563298837558528,0.21717410796728095,0.9979792397604319,1.0
7931,0.8375738826131048,0.22285658654147075,1.0,1.0
7932,0.5690625844545495,0.16146390371486583,1.0,1.0
7933,0.9043242460176505,0.23877252851629618,1.0,1.0
7934,0.8624303552064275,0.17665421610317,1.0,1.0
7935,0.8831590425129132,0.18252069262087325,1.0,1.0
7937,0.9479416588692677,0.24667747178625096,1.0,1.0
7938,0.7231588390575188,0.1749195295992675,1.0,1.0
7939,0.7779594943532023,0.19753299478740466,1.0,1.0
7941,0.818823721715132,0.26325663351103973,1.0,1.0
7942,0.6808771774667756,0.21551533509816392,1.0,1.0
7943,0.3977639593865086,0.20230927386077616,1.0,1.0
7944,0.7294109557874318,0.21713435616217577,1.0,1.0
7945,0.8693893129684133,0.15846720874846476,1.0,1.0
7946,0.6746840445300993,0.20111839895312414,1.0,1.0
7948,0.9994187130493802,0.17659327953945123,1.0,1.0
7949,0.8114977206205263,0.24293640838468455,0.9992058157689298,1.0
7950,1.0,0.1726063237430414,1.0,1.0
7951,1.0,0.23624167156379777,1.0,1.0
7952,1.0,0.26605364956154687,1.0,1.0
7953,1.0,0.2509013869622735,1.0,1.0
7954,1.0,0.33917733375390513,1.0,1.0
7956,1.0,0.29991752822082235,1.0,1.0
7957,1.0,0.3457823787015986,1.0,1.0
7959,1.0,0.34082259004548676,1.0,1.0
7960,0.7644564399853266,0.17575966521570074,1.0,1.0
7961,1.0,0.32848385208791464,1.0,1.0
7962,0.8838406720700064,0.16789268400181281,1.0,1.0
7963,1.0,0.3994249531562964,1.0,1.0
7964,1.0,0.28083938994113,1.0,1.0
7966,0.9046477859196191,0.29189456384681084,1.0,1.0
7967,0.9994729070661187,0.3998980779367001,1.0,1.0
7968,1.0,0.24701414513639927,1.0,1.0
7969,1.0,0.2745645235809679,1.0,1.0
7971,1.0,1.0,1.0,1.0
7972,0.9994421068062262,0.2813746116428289,0.9670346038908946,0.9083441024221259
7974,1.0,1.0,1.0,1.0
7975,1.0,1.0,1.0,1.0
7985,0.9621335771167182,1.0,0.9621335771167182,1.0
7986,1.0,1.0,1.0,1.0
7987,1.0,1.0,1.0,1.0
7992,1.0,1.0,1.0,1.0
7993,0.9912059633563225,0.9855338033447628,0.9912059633563225,0.9855338033447628
7994,0.959774807897491,1.0,0.959774807897491,1.0
8003,0.3530377619464951,0.220071416312165,1.0,1.0
8009,0.44239394432483453,0.2870972458955667,1.0,1.0
8016,1.0,1.0,1.0,1.0
8020,0.9993180248972726,1.0,0.9993180248972726,1.0
8023,0.9977707564824219,1.0,0.9977707564824219,1.0
8025,1.0,1.0,1.0,0.9982037538828743
8026,0.9993020993301254,1.0,0.9993020993301254,1.0
8039,1.0,0.22162291606530077,1.0,1.0
8043,1.0,0.21311365395401258,1.0,1.0
8046,1.0,0.2731915092825072,1.0,1.0
8053,1.0,0.2491011867774234,1.0,1.0
8066,0.6595776757831224,0.46750970020843596,1.0,1.0
8068,0.6068699353774765,0.4348112203194114,1.0,1.0
8074,0.6110025805787401,0.4389219235888701,1.0,0.9561761277073555
8075,0.6653393486191654,0.5533571049925856,1.0,0.9909218419482185
8079,0.6403839092028356,0.45189248746305694,1.0,1.0
8081,0.6353989729591906,0.4350529208848904,1.0,1.0
8085,0.6332788610229408,0.44393746035594267,1.0,1.0
8087,0.6189113996875556,0.538322132163445,1.0,0.9782875447403288
8091,0.6368862091019162,0.43603053588671997,1.0,0.9986099166540856
8093,0.6400131894134136,0.5243144050470061,1.0,1.0
8103,0.8961505823388761,0.7944069850544905,0.8961505823388761,0.7944069850544905
8106,0.9317370916608453,0.9731612004855023,0.9317370916608453,0.9731612004855023
8134,0.9221469451576916,0.8507254622488505,0.9221469451576916,0.8507254622488505
8157,0.42082894823750344,0.25097037937660094,1.0,1.0
8167,0.36158227101971163,0.2303464168256292,1.0,1.0
8179,0.64199620610888,0.5459837822246493,1.0,1.0
8185,0.4119582044196453,0.20528902267323645,0.9987407695712996,0.9979546902150694
8192,0.9978636262588639,0.2547707243581775,1.0,1.0
8196,1.0,0.21421356700237343,1.0,1.0
8199,1.0,0.3494556796194452,1.0,1.0
8202,0.9990377848432457,0.2821216684919736,1.0,1.0
8224,0.9945230330624163,0.9956341231658458,0.9945230330624163,0.9956341231658458
8228,0.9982671097297285,0.31002379226008336,1.0,1.0
8229,0.9995642642394231,0.2338781493066275,1.0,1.0
8232,0.9990724078849675,0.21437388822518696,1.0,1.0
8233,1.0,0.2769312673152576,1.0,1.0
8237,1.0,0.37069662771262596,1.0,1.0
8238,1.0,0.2796767251918119,1.0,1.0
8241,1.0,0.20701597382384979,1.0,1.0
8243,1.0,0.2256754867611885,1.0,1.0
8253,1.0,0.2552417437516891,1.0,1.0
8259,0.7213245810861563,0.6114816386173958,0.957534087300375,0.940314772447881
8260,0.596428587071728,0.46123057258416406,0.9914507629768855,0.9514878098342385
8261,0.6694263519175054,0.5427066934032636,0.9713471851414364,0.9565724464819447
8262,0.7465787585799797,0.5984935376815351,0.9706571217622576,0.9583714798065527
8264,0.5876302797127988,0.46233151063127575,1.0,1.0
8271,1.0,0.30304611551155014,1.0,1.0
8272,0.9986698680582776,0.30061687112046465,1.0,1.0
8278,0.9975532750508014,0.22919843131236975,1.0,1.0
8280,0.9987431986824661,0.24553402744537517,1.0,1.0
8298,0.9987700635726476,0.24547070846512684,0.9988065509987144,1.0
8308,0.5629479225244002,0.20611621300141147,0.8988660931478353,0.9021816561139159
8309,0.6859261831527955,0.4140521950589246,1.0,1.0
8313,0.6217074688330724,0.3563605619996504,1.0,1.0
8314,1.0,0.19183101489511636,1.0,1.0
8315,1.0,0.20050818363582906,0.998385550317318,0.9979877805874072
8319,0.9026567541737178,0.29766854162508777,0.9944643762295343,0.991626413421284
8323,0.9447553089877835,0.30437570925667856,0.9842029917331034,0.9785537957703844
8326,0.9830892333832684,0.24095113044220476,1.0,1.0
8333,0.8078275120009141,0.49516364147612274,0.8078275120009141,0.49516364147612274
8337,0.8245097339204651,0.6562693679899507,0.8245097339204651,0.6562693679899507
8341,0.9991386645743636,0.23510937314143757,1.0,1.0
8344,1.0,0.27127018771901135,1.0,1.0
8346,0.6437980708122235,0.4502736713970243,0.9957897523815329,1.0
8348,0.5476378131236589,0.3332994137202236,1.0,1.0
8349,0.6305055539244729,0.5148627420050463,1.0,1.0
8352,0.9995234645012754,0.3379665132838214,1.0,1.0
8355,0.9989862769932685,0.41442742187272635,1.0,1.0
8356,0.9971723792472182,0.35968533690985627,1.0,1.0
8361,0.9989397533531076,0.35711796590833766,1.0,1.0
8364,0.9986449993531757,0.3257205918955011,1.0,1.0
8367,0.9997291979123885,0.3699147778224798,1.0,1.0
8368,0.9993274949825359,0.4415478626292402,1.0,1.0
8371,0.9960911175199001,0.56961548383443,0.9989218373560602,1.0
8372,0.9969469006097436,0.3936128561538868,1.0,1.0
8375,0.999548617738795,0.36569050343148307,1.0,1.0
8376,0.9992471006802727,0.39420717617898515,0.9952057043527376,1.0
8379,0.9962878057313432,0.482698049656493,1.0,1.0
8380,0.6801197662258541,0.42225555912425894,1.0,1.0
8383,0.7177534381758962,0.4356440069447773,1.0,1.0
8393,0.7585450893629261,0.3785243274182743,1.0,1.0
8397,0.5136859357239598,0.3121618540223752,1.0,1.0
8400,0.9945958181611607,0.18466878726534477,1.0,1.0
8408,1.0,0.2525519728457529,1.0,1.0
8410,1.0,0.19452574317621113,1.0,1.0
8412,1.0,0.2885203911560233,1.0,1.0
8413,1.0,0.2147499466531537,0.9952975575221512,1.0
8414,1.0,0.24110290199338788,1.0,1.0
8416,0.5178772239161743,0.3326432923843772,0.9910158943612959,0.906796189153633
8420,0.64797905526527,0.5313339556199445,0.956688352015245,0.9403792442681908
8424,0.5543078293333789,0.3508105415740982,0.9870450011896201,0.9803247390252853
8428,0.5919639422361637,0.36658579899420535,0.9864741566451332,0.9409973182885819
8432,0.551360916213686,0.36401641994028544,0.9564632809504743,0.9554710973051533
8436,0.500156992848546,0.31689339822368745,0.9957979443418999,0.938127394024748
8440,1.0,0.18375703021165135,1.0,1.0
8443,0.7765565168361771,0.7412739134850352,0.7765565168361771,0.7412739134850352
8447,0.6706608193344267,0.5896182592237426,0.999130943141268,1.0
8460,0.9665194932270414,0.9080125865703103,0.9665194932270414,0.9080125865703103
8463,0.6813467205663789,0.489713900711257,1.0,1.0
8472,1.0,0.1379436812015917,1.0,1.0
8476,1.0,0.2466947067342793,1.0,1.0
8487,0.4665581631482146,0.30175231701825533,0.9917787555917841,1.0
8489,0.50095831268026,0.27929895914461733,1.0,1.0
8490,0.4202223882581434,0.3426062085090402,1.0,1.0
8495,0.5468450474100969,0.32882295127672867,1.0,1.0
8500,0.5155887160771013,0.22355633543392925,1.0,1.0
8504,0.570217182938627,0.411445609069074,1.0,1.0
8505,0.5623399895877281,0.3843038999719999,1.0,1.0
8514,0.9993962957603931,1.0,0.9993962957603931,1.0
8515,1.0,1.0,1.0,1.0
8517,0.9991575889258258,1.0,0.9991575889258258,1.0
8518,0.9920731761377006,0.9920200244187254,0.9920731761377006,0.9920200244187254
8520,1.0,1.0,1.0,1.0
8521,1.0,1.0,1.0,1.0
8523,0.9668464368502852,0.22826600225807153,1.0,1.0
8529,1.0,0.31980413457465373,1.0,1.0
8530,0.9236290233139727,0.2717138100016624,1.0,1.0
8534,1.0,1.0,1.0,1.0
8535,1.0,1.0,1.0,1.0
8537,1.0,0.20618189603730488,1.0,1.0
8547,1.0,0.3275965788899796,1.0,1.0
8549,1.0,1.0,1.0,1.0
8555,0.5817541875883459,0.46404954683975297,0.8974013002072623,0.8031982235118665
8556,0.5900231702116896,0.5467574542392214,0.962570679842582,0.926583406582377
8562,0.9939408650872352,0.3703385837301399,1.0,1.0
8568,0.9646422503046673,0.9478441374202669,0.9646422503046673,0.9478441374202669
8569,0.9795332335019662,0.9539312076508031,0.9795332335019662,0.9539312076508031
8572,1.0,1.0,1.0,1.0
8575,0.6192766252666593,0.44174432617385984,0.9894898939782861,0.987950539359377
8576,0.6104388536030145,0.520660072236931,0.9992867435916173,1.0
8580,0.6246538322038012,0.5754654317214971,0.9990388864649394,1.0
8582,0.6117381223180888,0.3695818178708909,0.966840366891932,0.9810373268814391
8591,0.5623219646160896,0.308053463227961,1.0,1.0
8629,0.9956899073898882,0.2900757599854439,0.9588311209314582,0.8988592981108471
8630,0.99093362763158,0.3038341221863522,0.9564195752332707,0.8441414044988688
8631,1.0,0.32126199759404833,0.9595876311155934,0.9280502874862621
8632,0.9959565494761964,0.40633745036864743,0.9802065126167849,0.9883014776038149
8633,0.8842572309865829,0.7915817407163696,1.0,1.0
8634,0.8053828969685449,0.7051862733441948,0.989370578758905,0.9694534400387219
8635,0.8250614969267316,0.7010442182192754,0.9981573521901405,1.0
8638,0.6986450172221919,0.49668859973553714,0.9332137735161438,0.9157856472639456
8640,0.6674088124210298,0.5097633092394113,0.9797398187899652,0.9621814052167621
8653,0.8663716997196054,0.7941628845521368,1.0,1.0
8654,0.7966353485122825,0.692359105713781,0.9906531391568686,0.9788420968814593
8655,0.834517011827105,0.7649864399075186,0.9901359938863659,0.9991582628755686
8658,0.7032154657297746,0.48309670836199964,0.9551395953620303,0.9357057036746926
8659,0.6703212070119234,0.46338736972598005,0.9669301852718183,0.9248488666853462
8672,0.8465773873887307,0.7800450543292061,1.0,0.9988020515787868
8673,0.8291299384354777,0.6948078986753201,1.0,0.9812750763664105
8674,0.8416574810581439,0.7772149767500891,0.9913742695986437,0.9765807484895859
8677,0.6971544870896546,0.4920134024454441,0.9653997990666799,0.9624130929168218
8678,0.6997129919198144,0.5203581301162317,0.9604723790356247,0.9447286542987006
8691,0.7401509670303408,0.5429510326141677,0.9993692780001324,1.0
8692,0.73290581428688,0.5783763355322464,1.0,1.0
8697,0.6107621909578794,0.41355150746858743,0.9875706478289467,0.927989981609922
8707,0.8716373662019772,0.7856823536282539,0.8716373662019772,0.7856823536282539
8710,0.8613669374269399,0.7654824188569348,0.8613669374269399,0.7654824188569348
8729,1.0,0.33754660616671023,1.0,1.0
8730,1.0,0.46736500793619407,1.0,1.0
8732,1.0,0.4345479203702814,1.0,1.0
8734,1.0,0.3252653269653453,1.0,1.0
8736,1.0,1.0,1.0,1.0
8750,0.7754455014324938,0.6068372104195194,0.9829934877727905,0.9747784239983467
8751,0.7760778819850912,0.6698630891344007,1.0,0.9946357500581172
8754,0.7427252735635379,0.590267162331665,0.9929883365776436,0.9758330764013282
8756,0.9881785477646867,0.9699172576832151,0.9893445938877042,1.0
8757,0.8471826002671057,0.7619652780136922,0.9983650080748334,1.0
8762,0.9983361346981878,0.2978304267889054,1.0,1.0
8763,0.998999676182137,0.2505875468256659,1.0,1.0
8766,0.9991061060395929,0.22851203732537886,1.0,1.0
8774,0.8453856354023026,0.6608213777859396,0.9942426882701136,1.0
8782,0.4896148707671593,0.29483355011577356,0.9987866683952383,1.0
8785,0.5025812681326605,0.3287788615373616,0.9914676673832004,1.0
8786,0.5723619674169049,0.33704909991199433,1.0,1.0
8787,0.36315513662919024,0.19494834795275753,1.0,1.0
8790,0.42662477411961985,0.24427703832275305,1.0,1.0
8791,0.5255027452730221,0.31632820920991916,1.0,1.0
8792,0.5347119009587132,0.2503616219554958,1.0,1.0
8796,0.4981025495886429,0.35652636447862485,0.9898417317527598,1.0
8800,0.4319058590725473,0.2934913802176704,1.0,1.0
8821,0.9990611672240923,0.337423318473856,0.9991650401418143,1.0
8828,0.9729249696344975,0.3416211032480439,1.0,0.9988970461715182
8847,0.5082463021285012,0.39044965578854113,1.0,1.0
8850,0.5344413913114063,0.39261867432777503,1.0,1.0
8851,0.6487082822230755,0.42800938077327133,1.0,1.0
8853,0.6497715049154457,0.553601352060564,1.0,1.0
8857,0.6278445743827789,0.46303511453766233,1.0,1.0
8859,0.6402905480967904,0.4761126992337911,1.0,1.0
8860,0.7448281542972373,0.6305040292484428,1.0,1.0
8861,0.6716487928191186,0.5847962044536581,1.0,1.0
8863,0.6230142153180838,0.5350196091895083,0.9983524192209065,0.9987415828646077
8864,0.6373956243380035,0.5238050726775239,0.99836251328741,1.0
8866,0.9169145892272751,0.861627070399649,0.9169145892272751,0.861627070399649
8867,0.8597146631717552,0.7666014794830918,0.8597146631717552,0.7666014794830918
8877,0.8201489455661745,0.6169473262656986,0.8201489455661745,0.6169473262656986
8881,0.9376745582202113,0.8906235290891669,0.9376745582202113,0.8906235290891669
8911,0.5840812720946209,0.48081260669819303,0.9983187959528852,0.9965436738708404
8927,0.6509392367702287,0.46556674515407676,1.0,1.0
8953,1.0,,1.0,1.0
8970,1.0,0.27142150457617026,1.0,1.0
8971,1.0,0.27851361386980933,0.9991051282343322,0.9986407317219069
8974,1.0,1.0,1.0,1.0
8975,1.0,1.0,1.0,1.0
8981,0.844977825220748,0.8197619646248777,0.844977825220748,0.8197619646248777
8986,0.6540566879917328,0.5838379237420646,0.8887086083318028,0.7920657824737883
8995,0.9981158741151759,0.22928774878862201,1.0,1.0
8997,0.6756900901808082,0.4652143405941467,1.0,1.0
9001,0.6685449073225013,0.4483215982297152,0.9996607214955722,1.0
9004,0.6709695312085106,0.4450950750604075,0.999043757021344,1.0
9008,0.6802483651329037,0.48028414430871536,0.9980031312406242,0.993123586691513
9025,0.7057855502360388,0.4581493645128393,1.0,1.0
9027,0.683215895001853,0.39731684778441506,1.0,1.0
9030,0.6933604902798883,0.4179643016425715,1.0,1.0
9035,0.6883103054238641,0.4138909970833954,0.9993151405314843,1.0
9037,0.5864133345317204,0.32648784629547445,1.0,1.0
9040,0.9996938164746044,0.4192138669827685,0.9950619208034327,1.0
9044,1.0,0.38772538886218394,1.0,1.0
9045,0.9960937284329862,0.41232305026092997,0.9922541100583036,1.0
9046,0.9989111052163742,0.3140606300691795,1.0,1.0
9050,0.9991754361744446,0.3790755375882347,0.9821490553647424,0.9879669798785391
9051,1.0,0.3152362272873637,0.9747671211153732,1.0
9056,0.5347197779161798,0.40922427229792874,0.9635320252139491,0.9373789342190455
9068,0.6187118494072099,0.4803133476399841,0.9970483687460353,0.9929924108830523
9069,0.6430673964985252,0.4938274597975126,1.0,1.0
9074,1.0,0.2968618338376989,1.0,1.0
9075,1.0,0.27384186331631727,1.0,1.0
9076,0.9998123036468803,0.26185637565165143,1.0,1.0
9077,1.0,0.2855647423929646,0.999345941873744,0.9969988661376569
9078,0.9996785627213828,0.2929547308670178,1.0,1.0
9080,0.9996754341002583,0.29250321136386176,1.0,1.0
9081,0.9993744868939946,0.288491328176393,1.0,0.9987115624323483
9082,0.9993295294840026,0.28907913079586706,1.0,1.0
9083,0.9992074499448582,0.2783734870451482,1.0,1.0
9084,1.0,0.3006238013505532,1.0,1.0
9102,0.8903350602177423,0.7971489293102104,0.8903350602177423,0.7971489293102104
9104,0.9098679289496716,0.8568688245431744,0.9098679289496716,0.8568688245431744
9105,0.962822354803433,0.8984237660762958,0.962822354803433,0.8984237660762958
9116,1.0,0.25489883523674706,0.9991682202062185,0.9982587759694849
9117,0.9992681315682288,0.18030299030018307,1.0,1.0
9119,1.0,0.22261789900323717,1.0,1.0
9125,1.0,0.16431200768094556,1.0,1.0
9126,0.9993154812791746,0.20069407888403168,1.0,1.0
9127,1.0,0.20404709131493054,1.0,1.0
9128,1.0,0.2180149303955697,1.0,1.0
9129,1.0,0.22985196897326218,1.0,1.0
9130,0.9007190015941207,0.8206652780312267,0.9007190015941207,0.8206652780312267
9132,0.9609760212611893,0.9008664301190049,0.9609760212611893,0.9008664301190049
9142,1.0,0.2649688365339242,1.0,1.0
9149,0.9065289687573481,0.4137285670153435,1.0,1.0
9150,0.9141489009909467,0.3848489215321924,1.0,1.0
9175,0.9990853527096386,0.3527967391866248,0.9515800444318047,0.923547807813649
9196,0.8652745381294166,0.2569779795654972,1.0,1.0
9200,1.0,0.1594791278729196,1.0,1.0
9201,1.0,0.16244617085654542,1.0,1.0
9204,1.0,0.16640942077191062,1.0,1.0
9205,1.0,0.1843422224597053,0.9989958759736329,1.0
9208,0.5727665717010498,0.33068668940728246,1.0,1.0
9209,0.5734616647425256,0.31549986812574515,1.0,1.0
9210,0.5982138566818913,0.2958160217450304,0.9941495604711713,1.0
9211,0.5156290162830889,0.36300543995572454,0.9001637897708474,0.8685403272538432
9212,0.5358187090349532,0.3295538743253551,1.0,1.0
9214,0.552220058856788,0.4274948065896686,0.8653745094180078,0.8798640207597358
9220,0.5438463444279317,0.35313239773536625,1.0,1.0
9221,0.5242808839264304,0.32380511884673024,0.9973231945158468,1.0
9222,0.4599829865383749,0.2625158647395404,1.0,1.0
9223,0.3966012796027056,0.23887853246794852,1.0,1.0
9226,0.7125908022097308,0.3998248548634841,1.0,0.9990221720669197
9227,0.6646890272804523,0.33059116943758204,1.0,1.0
9239,0.4875086643558566,0.3425244508739928,1.0,1.0
9243,0.5810821421137129,0.27790609703311314,1.0,1.0
9244,0.9992893377787596,0.24299512109081134,1.0,1.0
9250,1.0,0.25481122535220296,1.0,1.0
9256,0.7777245544145951,0.2939216280562166,1.0,1.0
9259,0.8510331330604259,0.3174016129826832,0.9991882914116074,0.9988657980724464
9260,0.9811148078106314,0.4561229545902183,0.6462206573734108,0.6330542055029158
9261,0.9630569819474096,0.420040447918838,0.6463281126019225,0.40512552169306454
9263,0.982329558447458,0.5622411165285902,0.6655771095067742,0.5803127515043706
9264,0.9735695316095213,0.43589395725556046,0.6463468541789857,0.4430195387119133
9265,0.9864768187795975,0.3872602794391835,0.7844163917367086,0.7049652577296996
9268,0.9746729094449226,0.41209568895256926,0.5627328377217304,0.4350611650938899
9269,0.7935232188555146,0.6123147921796064,0.7935232188555146,0.6123147921796064
9270,1.0,0.18410891226428003,1.0,1.0
9271,1.0,0.21064287333131543,0.990992135308256,0.9846125157681511
9278,0.5952379699452465,0.30071171369274896,0.9630121281009866,0.8683719825351998
9282,0.9970306132484008,0.265551296352913,1.0,1.0
9283,0.9977991046508743,0.2728710762084895,0.9985328597068647,0.9968165766103176
9284,0.9987622902997159,0.3241499420506546,0.9933196700273604,0.9984140004952723
9285,0.9934454335971155,0.27755789337704273,0.9907774012813835,0.9943308237858027
9286,0.9956103453008958,0.29266820043384884,0.9969167456064506,1.0
9290,0.8825705919535504,0.4266849903757243,0.9490872643021362,0.8955452254312655
9292,0.860719807319495,0.47224796323739504,0.9356421920918017,0.8942377114180409
9293,0.9797409177491297,0.28815370939549706,1.0,1.0
9300,0.5799241777434414,0.3997401314764494,1.0,1.0
9309,0.9996100978592981,0.27543057764390844,1.0,1.0
9340,0.8228473265123646,0.6731009884608534,0.8228473265123646,0.6731009884608534
9350,0.5498162865838372,0.37123996419283634,1.0,1.0
9353,0.8565258999605353,0.7226326259946948,1.0,1.0
9360,0.40610265230016596,0.24125896228456117,1.0,1.0
9368,1.0,1.0,1.0,1.0
9373,0.8917579694214759,0.4108851797065364,0.9332388133637459,0.8212033506584503
9374,1.0,1.0,1.0,1.0
9376,0.6875139078612895,0.5150219065204547,1.0,1.0
9377,0.8588923051953169,0.8088495982530768,0.9973484159702911,0.995719888727527
9378,0.8292509500864298,0.7806336881390691,1.0,1.0
9382,0.7257111883995845,0.5155012499170143,0.9804585289222091,0.9713534982243752
9383,0.9993541725095965,0.2840226787464824,1.0,1.0
9384,0.9992445816381161,0.2995867815175293,1.0,1.0
9385,1.0,0.2850569707848523,1.0,1.0
9389,0.9547285481642712,0.21945554178103238,0.8684575093396796,0.8393999807889433
9391,0.6548206417059118,0.4073559833375209,0.998794715972445,0.9980749863344981
9394,0.7116051183212602,0.4094183574913945,1.0,0.9955410838169261
9395,0.7938750783926465,0.5207805407495981,0.9980602633803497,0.9967949107558791
9396,0.786904284184513,0.7487349613970514,0.786904284184513,0.7487349613970514
9404,0.569071538374414,0.3434310007564124,0.9879760222425137,0.8509110947758189
9408,0.9644664766976635,0.9007462302770814,0.9644664766976635,0.9007462302770814
9417,0.9330857247026112,1.0,0.9330857247026112,1.0
9420,1.0,1.0,1.0,1.0
9421,1.0,1.0,1.0,1.0
9422,1.0,1.0,1.0,1.0
9424,1.0,1.0,1.0,1.0
9425,1.0,0.2345193758779934,1.0,1.0
9442,0.6177269908094513,0.4884223816991979,1.0,1.0
9464,1.0,1.0,1.0,1.0
9465,1.0,1.0,1.0,1.0
9467,0.8954407344801151,0.8681055511261413,0.8954407344801151,0.8681055511261413
9468,0.9965243891238265,0.22750914770424033,0.9532851931296805,0.9312228266768074
9472,0.987152644797764,0.350294480489865,0.9211701938503197,0.8593463624270085
9475,1.0,1.0,1.0,1.0
9478,0.8227029873384654,0.3327928312105591,0.7945628906137812,0.7721009506144982
9481,1.0,0.15682057350475131,1.0,1.0
9492,0.6481055823984554,0.5010190442073194,0.9333285912429511,0.891799356804806
9498,0.984499315669716,0.9089533570772981,0.984499315669716,0.9089533570772981
9508,1.0,0.2229691664080002,1.0,1.0
9514,1.0,0.2667224375998684,1.0,1.0
9517,0.9987313077180169,0.4116664784713237,1.0,1.0
9518,1.0,0.42335706016767544,1.0,1.0
9519,1.0,0.24078781205741845,0.9949730293372766,0.9884229218765802
9520,1.0,0.20893239650703324,0.995619063528283,0.9925001279461275
9522,0.9994911240063641,0.27776256920023157,0.8329620715982645,0.7186174814668572
9523,1.0,0.30926347785384406,0.8069946361589756,0.7591480254608697
9525,0.5413031166349598,0.3527318709949495,0.9960938813718633,1.0
9530,1.0,0.21173319612320238,0.8083617034347403,0.6997508934674349
9531,0.9997060781222034,0.30833922739834,0.8845629518518632,0.889987871374027
9533,1.0,0.46040398183708525,0.9870003956646726,0.9831360512088428
9534,0.9958893276033783,0.37654040402011885,0.8538866671817406,0.7201607358242663
9535,1.0,1.0,1.0,1.0
9537,1.0,1.0,1.0,1.0
9538,1.0,1.0,1.0,1.0
9541,1.0,1.0,1.0,1.0
9542,1.0,1.0,1.0,1.0
9545,0.5884900771693659,0.3755511553040384,0.9292263007483289,0.8474295989322004
9548,0.6742638701684923,0.5271390959260005,1.0,1.0
9549,0.6461966714634494,0.3418743005245859,1.0,0.9737890171442691
9562,0.6288259055036998,0.5659497852494887,0.9630540643939854,0.9516159765374647
9564,0.7477132283793465,0.6074444513135903,0.7477132283793465,0.6074444513135903
9566,0.610312309223405,0.482844123939869,0.9313958594711685,0.8876901527755028
9573,0.7767875881452537,0.272724034811696,1.0,1.0
9585,1.0,1.0,1.0,1.0
9586,1.0,1.0,1.0,1.0
9597,0.5993495764653315,0.40515699527052595,1.0,1.0
9600,0.53776296633629,0.32871404282457717,0.997087217607124,1.0
9601,0.8564906891252845,0.3907716550181069,0.7447940843665022,0.6619485213328842
9612,1.0,0.9320836114132132,1.0,0.9320836114132132
9615,1.0,1.0,1.0,1.0
9616,0.8810931426999701,0.8070236252288955,0.8810931426999701,0.8547629349604009
9618,0.6049393478166757,0.32591405839897986,1.0,1.0
9621,0.5301424362254873,0.3166258033585864,1.0,1.0
9623,0.9542075323297541,0.40736767251362915,0.8552280235910813,0.7844147248410503
9626,0.9138912480769005,0.3229177889233383,0.7603972635796276,0.6285515598783847
9638,0.972907249382752,0.29288136902026146,1.0,1.0
9644,0.8833867979973932,0.28813715420168856,1.0,1.0
9648,0.9658066734666242,0.3159735007776108,1.0,1.0
9650,0.999783993223089,0.25889034207928174,1.0,1.0
9651,1.0,0.19905633531998881,1.0,1.0
9654,1.0,0.20364284392021043,1.0,1.0
9655,1.0,0.18348048379466705,1.0,1.0
9667,1.0,0.2556703458613808,0.9972840467323716,1.0
9668,1.0,0.2654112637925287,1.0,1.0
9669,1.0,0.272984587558123,1.0,1.0
9671,0.9995363879362918,0.30391304919617274,1.0,1.0
9672,1.0,0.2858639040890872,1.0,1.0
9673,1.0,0.26140180557958975,1.0,1.0
9678,1.0,0.2127323022786921,1.0,1.0
9682,1.0,0.26472922746997213,1.0,1.0
9688,1.0,0.21711190541089256,1.0,1.0
9691,1.0,0.2737222640587408,1.0,1.0
9720,0.9566734186604106,0.8950036458187073,0.9566734186604106,0.8950036458187073
9729,1.0,0.19562287063092532,1.0,1.0
9747,0.7347181330012347,0.5838266803965877,0.9994607065330329,0.9991772658913615
9748,0.7488317376128281,0.5396799544773042,1.0,1.0
9753,0.7371083404354313,0.5329674592216378,1.0,1.0
9756,0.43476927817588373,0.27065096296410107,1.0,1.0
9759,0.7359045324934413,0.588426174999268,1.0,1.0
9762,0.657372296954633,0.41457862287675795,1.0,1.0
9764,0.6900878002574075,0.5114991328000542,0.9881415682744092,1.0
9765,0.6086524321963018,0.3783396564890108,1.0,1.0
9767,0.6665369396353611,0.43751776979632867,1.0,1.0
9768,0.696984919648767,0.41825623540629703,1.0,1.0
9769,0.6207058297480091,0.3670188427912064,1.0,1.0
9770,0.6638686999688275,0.44577488753997774,1.0,1.0
9771,0.5811919600823201,0.422547634788245,1.0,1.0
9772,0.6010373187855746,0.32818838500613434,1.0,0.9973099079333363
9774,0.5912080836764136,0.39287637548927135,1.0,1.0
9775,0.6424423306770325,0.44272538816283097,1.0,1.0
9777,0.5844234303376808,0.5138736798198218,1.0,1.0
9778,0.5758428236547524,0.3457825630520577,1.0,1.0
9780,0.5796836233950481,0.4014853232685743,1.0,1.0
9783,1.0,0.19900393008137873,1.0,1.0
9786,0.9993146968945879,0.19182166462680883,1.0,1.0
9789,0.9992896290488216,0.2466261775787629,1.0,1.0
9792,1.0,0.2315340295492509,0.999265414835115,0.9989581614940668
9795,1.0,0.221573361260557,1.0,1.0
9813,0.9189308355969872,0.8954115555289934,0.9189308355969872,0.8954115555289934
9831,1.0,0.250554698893922,1.0,1.0
9833,1.0,0.2287917461794819,1.0,1.0
9834,1.0,0.22284484786319514,1.0,1.0
9835,1.0,0.2394263286111467,1.0,1.0
9839,0.7832580873073768,0.6365447349323253,1.0,1.0
9847,0.6169485684793188,0.2658755007986834,1.0,1.0
9848,0.787006916213848,0.28097283841321813,1.0,1.0
9860,0.9995743271200993,0.27680160275115023,1.0,1.0
9867,1.0,0.28845946691751945,1.0,1.0
9873,0.7174641811496496,0.550988346501515,0.9961152255811913,0.9896776336461984
9875,0.719054021356606,0.5534919723192001,1.0,1.0
9884,0.7191047858522993,0.5756542986040573,0.7191047858522993,0.5756542986040573
9892,1.0,0.35280717818717866,1.0,1.0
9893,1.0,0.30427811281383604,1.0,1.0
9901,1.0,0.20054987360075582,0.9987846502431852,0.9985202803040598
9910,0.9419959994274549,0.46611887456558665,0.9821996088228067,0.9542549871235765
9917,0.6300341355062319,0.4315221495676369,0.9992147991447351,0.9986359165589341
9924,0.6901695852062066,0.4640775567992774,0.9865337390748344,0.9685229309690738
9937,0.9953784387880537,0.3293078378477379,1.0,1.0
9940,0.6353159545939008,0.5148313634340801,1.0,1.0
9942,0.8002121589652796,0.7245854563669842,0.9875160731105534,0.9745004340099647
9943,0.7702077985457426,0.6134087751152482,0.9970018894965503,1.0
9979,0.5724135968111836,0.3233823980723733,1.0,1.0
9983,0.5501318677929506,0.3777121289657513,1.0,1.0
9987,0.495751877902537,0.34692807368347367,1.0,1.0
9991,0.5021148027909887,0.3476163840287261,1.0,1.0
10000,0.8159785980514122,0.4581805631277421,0.8674164781398198,0.625956750663509
10009,0.6370272335482386,0.38816295203706574,1.0,1.0
10014,1.0,0.26534831531895536,1.0,1.0
10019,1.0,0.2589573256678528,1.0,1.0
10029,0.7790543908224636,0.6381124740229084,1.0,1.0
10031,1.0,0.2723220842777124,1.0,1.0
10051,0.9993242953849957,0.34453122769971484,1.0,1.0
10053,0.774554481512624,0.5360516504548692,1.0,0.9954837909145403
10056,1.0,0.3831647405464637,1.0,1.0
10064,0.7583485984164892,0.54875861318007,0.9738415525001048,0.9659923421954194
10075,1.0,0.20661079705733906,1.0,1.0
10079,0.5435622590341105,0.3092289214845833,1.0,1.0
10080,0.6172247451787084,0.3221272493372549,1.0,1.0
10082,0.4631356925377757,0.26489620780739687,1.0,1.0
10083,0.7429680708373569,0.5513959656970103,1.0,1.0
10084,0.7903313681175754,0.616273106126522,1.0,1.0
10085,0.7249496185038453,0.5742349987695358,1.0,1.0
10086,0.4921259893687986,0.26613454296422556,1.0,1.0
10087,0.4190839628939222,0.241043748790082,1.0,1.0
10089,0.5493459056259389,0.2808270517082924,1.0,1.0
10090,0.9990532234373618,0.5899009695721689,0.9996290426321408,1.0
10093,0.6546649584108771,0.35107628412680275,0.9426484697921989,0.9209934205806976
10094,0.6380991166360813,0.3175417630380169,0.9396508938320298,0.9169092374421182
10097,1.0,0.4550445301272776,1.0,1.0
10117,0.7568168990513751,0.35388998397165256,0.998731953187876,0.9992512604325788
10119,0.8213382287338978,0.43071116778988694,0.9987886263564107,0.9991862538158226
10120,0.7854930723839303,0.44403242300257395,0.9908689259874229,0.965751913766531
10124,0.827255296664769,0.6261990523620237,0.9995290695851127,0.9990032027100407
10126,0.8198415978294188,0.6784751676164621,0.9963350994619069,0.9976630581025009
10128,1.0,1.0,1.0,1.0
10136,0.9623381218833718,0.8119594559033692,0.6795862338329632,0.46715492519268687
10144,0.5945804878457311,0.3017231871190284,1.0,1.0
10145,0.637287779433821,0.3048048681941966,1.0,1.0
10150,0.8085558477921568,0.6632969132328119,1.0,1.0
10161,0.9991302665751662,0.31923958881929027,1.0,0.9967636895335891
10165,0.9983435661079539,0.36633488897213745,1.0,1.0
10167,0.9958317361936411,0.32743616779073015,1.0,1.0
10168,0.994230864492896,0.35650229955211216,1.0,1.0
10174,0.5866549832385097,0.4391562138143583,0.9679434362085498,0.8974767291014413
10176,0.5450279816876955,0.3827501527093981,0.944277377253058,0.8829214863673598
10177,0.5609865131906779,0.4554703780861206,0.9546542197208429,0.8790147679431601
10180,0.5798673412056565,0.4378742749783646,0.9444065001951559,0.8676427483700224
10182,0.6418344064888851,0.5089453398954029,0.9986675235638168,0.9979473160780208
10198,1.0,1.0,1.0,1.0
10199,1.0,1.0,1.0,1.0
10200,1.0,1.0,1.0,1.0
10201,0.9964898047726424,0.994186343834086,0.9964898047726424,0.994186343834086
10202,1.0,1.0,1.0,1.0
10203,1.0,1.0,1.0,1.0
10204,1.0,1.0,1.0,1.0
10205,0.7344984807030097,0.558153250704154,0.9876184172866141,0.9407240244164736
10206,0.5881813242007201,0.46868434738734904,0.976896045950915,0.9499918940316332
10207,0.7988746671176388,0.7118196503587744,0.9656320011989181,0.9462669173821242
10208,0.6190223761965592,0.44453914167372616,0.9560988943844019,0.9459610056508231
10215,0.7655804308501368,0.6135054660112814,0.9953645588295269,0.993824298920521
10219,0.7736753837436208,0.5848818874629964,0.9995475599516891,0.9979872593325044
10243,0.997519316924727,0.3084542453031984,0.9946120301240308,0.9896550125923259
10244,0.997650574377426,0.43560705956713075,1.0,1.0
10245,0.9981469687444469,0.27324122755907687,0.9959657326011149,0.9975565056293233
10247,1.0,0.4805448634797184,1.0,1.0
10249,0.9980422602168336,0.31261973861829206,1.0,1.0
10251,0.7015491408670785,0.491427382928996,0.9943881097671522,0.990943490870285
10252,0.699669668513314,0.4813794263929831,0.9847863016705803,0.9520284281905194
10255,0.7279074736036578,0.5207615306167384,0.9856890718624487,0.9709735278524659
10257,0.777836731931772,0.557846948781965,0.9982962473287692,0.9901961844929736
10259,0.6073182927422414,0.43695770844725534,0.9933940713654609,0.9034302028271268
10260,0.6359700646520771,0.4331575317121268,0.9839639688312215,0.9735617977537518
10262,0.6545774219757128,0.5472892559633282,0.96660291165735,0.934510714762968
10263,0.6327783668930811,0.5591444778010026,0.978318769904849,0.9375358601853365
10265,0.6903121275595565,0.5333054493820044,1.0,0.9936469250719298
10267,0.7716849567701546,0.5715345233923566,0.9885203752248686,0.9815186645654571
10268,0.7798535112865355,0.5762452865033928,0.9897188672678255,0.9167676493028213
10269,0.8154789181866193,0.6290739778223299,1.0,0.9922979995048508
10276,1.0,0.21543281317170665,1.0,1.0
10277,0.9990281239840874,0.2824193598065865,1.0,1.0
10279,1.0,0.26134921588252763,1.0,1.0
10281,1.0,0.210916865904452,1.0,1.0
10282,1.0,0.7187499999999999,0.9991459269501902,1.0
10285,0.5622234560010906,0.4256899655354252,1.0,1.0
10288,0.9673772425844357,0.47421352230018354,0.6310632527708645,0.38910978305234584
10291,0.999786945377731,0.23274510482583027,1.0,1.0
10292,1.0,0.24084696585307777,1.0,1.0
10303,0.8661747756330023,0.3898963208536926,1.0,1.0
10306,0.9560412100887941,0.22341503363483808,1.0,1.0
10311,0.9927340597953332,0.39852425704494465,0.9853768561892374,1.0
10312,0.9956799995713647,0.37404484763849827,0.9931536481140437,1.0
10315,0.9929396970621133,0.39422952816899876,0.9953362242495842,1.0
10316,0.605651988344156,0.4771503772590307,0.9847332928586836,0.8831400852769583
10318,1.0,0.19738767541136162,0.9895372910918172,0.9905174312661037
10323,1.0,0.25776735621985686,1.0,1.0
10324,0.9860112283871242,0.254548456375609,1.0,1.0
10330,1.0,0.25025359877703895,1.0,1.0
10334,0.9973909916207088,0.2592736925378684,1.0,1.0
10337,0.7196401066680552,0.5731965651524517,0.9965634109648144,0.9926548224099351
10340,0.6984276110383022,0.5552854529716924,0.9944713009165724,0.9934277527442413
10349,0.7656897450487447,0.6168454516502444,0.9684630641318843,0.9335201598092325
10350,0.7777576201394693,0.6239134359922244,0.9990201163907191,0.9937721517125652
10354,0.6561332630681906,0.47550480170769416,0.9744356903918251,0.9635539558254715
10356,0.6582441225827471,0.524563277598001,0.9965061751743852,1.0
10357,0.6839664511822372,0.5344775112769858,0.9792653124645103,0.9471774374879756
10363,0.5948942401241228,0.4190979902509092,1.0,1.0
10366,0.6014068572032694,0.44724589138285253,0.9992258584982794,0.9987206906330781
10370,0.9990427088299891,0.20497451834780647,0.9996804314798956,1.0
10371,1.0,0.2504371290420995,1.0,1.0
10372,1.0,0.22564855717002386,1.0,1.0
10376,0.9977413580765566,0.2091959439143863,1.0,1.0
10382,0.743557822988605,0.6282346898954791,0.7302028842574746,0.601770010392059
10386,0.7243219472263783,0.7181128290164754,0.7243219472263783,0.7181833800373596
10388,0.9093826655272154,0.32812676076934955,0.8840913965814241,0.7946580088065134
10394,1.0,0.3150802862480977,0.9073832348404944,0.8807660835096446
10396,1.0,0.29036021189905337,0.9378653973509524,0.9020543732717835
10401,0.769788781299347,0.5975789050116042,0.9987910942385275,0.9956432775356984
10405,0.8446025322830174,0.2697348818299367,1.0,1.0
10417,0.9991217449273128,0.3700629856161134,1.0,1.0
10422,0.998326047414634,0.351332344644635,1.0,1.0
10430,1.0,0.17323697344337485,1.0,1.0
10437,0.6031535217004096,0.4172777864744645,1.0,0.999270800142077
10447,0.7192849834778134,0.5941904181029903,0.6652975456300174,0.5695477402582921
10455,0.9986018445775809,0.4178791458555581,1.0,1.0
10456,0.7548386647881059,0.3298571841630323,0.9995156734475843,1.0
10464,0.8848713141474877,0.22829142403225922,0.9992880404563003,0.9983733986474028
10477,1.0,0.25321114180098536,1.0,1.0
10478,1.0,0.2244557948285203,1.0,1.0
10483,1.0,0.2333445725256509,1.0,1.0
10490,0.9415143744234155,0.8151367510494849,0.9892013006829719,1.0
10491,0.98235316437929,0.9708662100060695,0.9908195617312108,1.0
10493,0.9165716990451135,0.5386655952125505,0.8731438910778752,0.7317354459550178
10495,0.9038966073364817,0.8112824139392822,1.0,1.0
10498,0.8685546015062047,0.7222548766631467,0.9991902061173029,1.0
10504,0.9154850284517723,0.7510135404757893,0.9983413575054852,1.0
10507,0.9511894584132444,0.8400296751038099,0.9979110824263536,1.0
10515,0.8585098976718543,0.7915106260694094,1.0,1.0
10522,0.7784229426264225,0.5668892844752113,1.0,1.0
10524,0.7851574465167676,0.49489075772640206,0.9958308232046735,1.0
10532,0.7055132831304228,0.4435742614012085,0.9967541797650605,0.9918851155736048
10535,0.8574520034744573,0.7003602621893039,0.9972575538603187,1.0
10538,0.9356709785287162,0.8888638336979664,1.0,1.0
10541,0.8011815685339898,0.6679372066392077,0.8011815685339898,0.6679372066392077
10580,1.0,0.24797825387519887,1.0,1.0
10584,0.7148948149011077,0.4854674187900129,0.8527950687437195,0.644517007970196
10587,0.8150867943568507,0.2421092956610549,0.993516168745852,0.9971618858975457
10588,0.6740653544885306,0.19756963450680165,0.9929256381044643,0.9951597738587225
10589,0.797583315116768,0.6569718610219872,0.989702770359332,0.9929091289691993
10593,0.7576100823436426,0.5554179286960312,0.8493109713740337,0.7812456201481018
10594,0.3669557908782635,0.27424888634130373,1.0,1.0
10604,1.0,0.23613361986915404,0.935963731689871,0.8705226623402401
10605,0.8634098532297383,0.31800034383254394,1.0,0.9991500426722087
10608,0.8788510369213514,0.2784287451315696,1.0,1.0
10609,0.8827555938143379,0.33246192321140794,0.9990969922071686,1.0
10611,0.3793029321152393,0.2643532391594912,1.0,1.0
10612,0.8803344188420293,0.2539767374419517,1.0,1.0
10614,1.0,0.2363957543414311,0.9341933249318274,0.8798221144819249
10618,0.7744009463984384,0.6229230852480577,0.9021883746186358,0.8146515479411863
10628,0.9994116689627174,0.5452098332790011,0.8215050139314439,0.6843187714609459
10633,0.9866061536234751,0.32484272931135344,0.6343651609344708,0.533417703826374
10634,0.9873769470876804,0.2943724141684574,0.550515631105761,0.4530291223740584
10637,0.6604193372336907,0.4746374693144017,1.0,1.0
10649,0.5798378016194022,0.36712024480878175,1.0,1.0
10650,0.505830801755029,0.3666921588330699,1.0,1.0
10651,0.7341411671764639,0.5695600891483019,1.0,1.0
10653,0.9933725293105767,0.25535614468451945,1.0,1.0
10655,0.8875178522351442,0.2814256418711878,1.0,1.0
10678,0.9933547690564698,0.3290415067153398,0.993531973902847,0.9967892155525147
10682,0.9955868752327867,0.2466986651360974,0.9847594248986673,0.9861285110934088
10691,0.5333023349461419,0.35348337697044746,0.9724049080388643,0.9596718569653195
10692,0.49695829758782706,0.2936393391641213,1.0,1.0
10696,0.9982690892803495,0.17329046599621065,0.9867736071542327,0.9634974013531576
10700,1.0,0.21198943453285798,1.0,1.0
10701,0.9893182166492048,0.9821370220211436,0.9893182166492048,0.9821370220211436
10702,0.997108708536694,0.9926127112198679,0.997108708536694,0.9958619246903201
10705,0.585045341528628,0.45927370527691075,0.9950884801129579,0.9983260666747114
10706,0.5854312828985788,0.4329016919793067,0.996172895460288,0.9895464335541144
10707,0.6437033023235732,0.5189778992417404,0.9853579328972938,0.9521676621892877
10708,0.9136772210411059,0.9091696957279715,0.9136772210411059,0.9091696957279715
10709,0.91104782263135,0.9091616573048465,0.91104782263135,0.9091616573048465
10712,0.8930525290844235,0.8313152661548042,0.8930525290844235,0.8313152661548042
10714,1.0,0.23267665533819656,1.0,1.0
10715,1.0,0.25715106577952507,0.9980834884637755,0.9978875410600321
10721,0.8956826322987679,0.810036489680638,1.0,1.0
10722,0.9991344050958747,0.23771393922306241,0.9150189023500187,0.8429220501109181
10724,0.7832751473888024,0.5405866191068353,0.9922015129379599,1.0
10726,0.5573152861196903,0.3822593187384993,1.0,1.0
10733,0.6766210522886716,0.5402555926478602,1.0,1.0
10737,0.6741153750947025,0.4953953355497707,0.9895427953796264,1.0
10739,0.8777565257173165,0.4355017027020988,0.7981239328465743,0.6537482140340476
10742,0.8854857663760903,0.5479685549323546,0.6587371002802798,0.579751225663705
10765,0.9990644293940647,0.2600818370273248,1.0,1.0
10769,0.6552684253282718,0.5500802671793371,0.9992656308147644,1.0
10772,0.7280156196331077,0.5845536092238852,1.0,1.0
10773,0.6917604019408997,0.48910612908410045,1.0,1.0
10776,0.6673478223939694,0.4815899814003649,1.0,1.0
10782,0.5931095998913584,0.38364981574345214,0.9984283089400358,0.9943490311940054
10786,0.6866751924225217,0.486862342643757,1.0,1.0
10790,1.0,0.169142143249412,1.0,1.0
10791,1.0,0.211885011139541,1.0,1.0
10793,1.0,0.27265826681990046,1.0,1.0
10794,1.0,0.18207720018114965,1.0,1.0
10797,1.0,0.2641775756609853,1.0,1.0
10798,1.0,0.2417088266235263,1.0,1.0
10799,0.9997752481479196,0.2332730270128362,1.0,1.0
10801,1.0,0.2648771047334384,1.0,1.0
10803,1.0,0.24732998919052973,1.0,1.0
10806,1.0,0.17308088406774055,0.9883545525528186,0.9575429609986688
10821,0.6618766879208448,0.5420433454794845,1.0,1.0
10822,0.7545898239375016,0.5459633231133841,1.0,1.0
10823,0.7561320631981387,0.5931413791197313,1.0,1.0
10830,0.8486729956508783,0.7325152940527344,0.8486729956508783,0.7325152940527344
10834,0.8642085707282879,0.7502155313261302,0.8642085707282879,0.7502155313261302
10836,0.9933075002665959,1.0,0.9933075002665959,1.0
10841,0.6255218276900599,0.4294467108744546,1.0,1.0
10845,0.6345005960255512,0.4764536297617395,1.0,1.0
10849,0.8533363790498667,0.7663149218473506,0.8533363790498667,0.7663149218473506
10851,0.9940622742490595,0.9522523541333967,0.9940622742490595,0.9522523541333967
10853,0.6152516478524244,0.43329116155920516,0.9640085247383576,0.9243886709345467
10855,0.8253582420808936,0.706597978341467,1.0,1.0
10865,0.5977848822622374,0.4421333331902718,0.9911745317258464,0.9830632352969421
10867,0.8860782261127121,0.8093066331367331,1.0,0.9916860593011021
10869,0.6272592117543653,0.4566980046755442,0.9973564879699617,0.9973873966380757
10871,0.893068556359394,0.7757178311941233,1.0,1.0
10874,0.8979181286846027,0.4745938766564283,0.8654286301685268,0.7847328584696222
10882,0.8634128169332927,0.5720419076595586,1.0,1.0
10884,0.6966231705403224,0.44580028516986314,1.0,1.0
10889,0.6609346731191861,0.36263531232964136,0.8193482468141312,0.7916544189650176
10890,0.868086071257779,0.34157672117439664,0.6901510987707411,0.5816015052662523
10893,0.9989630162289626,0.29167120376726785,1.0,1.0
10895,0.9984543525015142,0.3381238236080456,1.0,0.9975859333323378
10896,1.0,0.24700303348670258,1.0,1.0
10905,1.0,0.24162574827943295,1.0,1.0
10927,0.9992928701559644,0.27252013530811064,1.0,1.0
10929,1.0,0.28143109920029935,1.0,1.0
10930,0.6608975742959965,0.4934453100583597,1.0,1.0
10931,0.8346524651695303,0.711468680604789,0.8346524651695303,0.7106275662218351
10933,0.8346191631143205,0.6486208059051317,0.8346191631143205,0.6486208059051317
10941,0.7876630651497553,0.5772508422337467,0.7876630651497553,0.5772508422337467
10945,0.7064650209966337,0.4875746566642338,0.9981229954447858,0.9050816245826284
10946,0.6474028382552061,0.4789183967240471,0.9934630182895209,0.9230584171106987
10947,0.7249972851343358,0.5445855245673432,0.9702662079091151,1.0
10949,0.7426225237412191,0.25382458729685686,1.0,1.0
10956,0.852458697844647,0.6971917819969599,0.852458697844647,0.6850710623887641
10957,0.8886323908373228,0.774716752755412,0.8886323908373228,0.774716752755412
10959,0.9236468128432908,0.87056711450462,0.9236468128432908,0.87056711450462
10961,0.8991358793213269,0.7997789497571149,0.8991358793213269,0.7997789497571149
10967,0.8635058151000876,0.7236560717510259,0.8635058151000876,0.7236560717510259
10970,0.9205995362930254,0.775949480093764,0.9205995362930254,0.775949480093764
10972,0.8265428757969722,0.6935981200396826,0.8265428757969722,0.6935981200396826
10973,0.7707009290529645,0.6164030780945327,0.7707009290529645,0.6164030780945327
10975,0.8317111832030849,0.6795585917316888,0.8317111832030849,0.6795585917316888
10977,0.827499155632403,0.6677002604985816,0.827499155632403,0.6677002604985816
10978,0.8498989602059088,0.6632354141469882,0.8498989602059088,0.6632354141469882
10980,0.8956069323480396,0.7562228995040099,0.8956069323480396,0.7562228995040099
10982,0.858895697633325,0.7578116288264418,0.858895697633325,0.7578116288264418
10985,0.880397804097113,0.6971422082485897,0.880397804097113,0.6971422082485897
10987,0.8945061106311406,0.8283789856254554,0.8945061106311406,0.8283789856254554
10989,1.0,0.16463267652682412,1.0,1.0
10993,1.0,0.21620058298280506,0.9989352793375833,0.9984913428971122
10995,1.0,0.20404956666362728,1.0,1.0
10997,1.0,0.34504622531572243,1.0,1.0
11000,1.0,0.32949382597444526,1.0,1.0
11009,1.0,0.27114453753661355,1.0,1.0
11012,0.9995670127697017,0.2918537505098867,1.0,1.0
11015,1.0,0.1866698381567616,1.0,1.0
11024,0.9993405260314203,0.2812943763123063,1.0,1.0
11032,0.9995663856912128,0.23045871302604742,1.0,1.0
11037,0.9915574431803568,0.2926443181594887,1.0,1.0
11038,0.9964302035943584,0.27928586880797746,1.0,1.0
11039,0.9635008740642421,0.3043134948421292,1.0,1.0
11040,0.9953434012732175,0.28379363437735405,1.0,1.0
11041,0.9907454829332737,0.2864698179874486,1.0,1.0
11042,0.9918329781022348,0.11413254176256837,1.0,1.0
11043,0.9870379872957853,0.20667128289893688,1.0,1.0
11051,1.0,0.2837249737951105,1.0,1.0
11057,1.0,0.25528503065029495,1.0,1.0
11060,1.0,0.2130256297579312,1.0,1.0
11071,1.0,0.21698963541822566,1.0,1.0
11075,1.0,0.21016297901741007,1.0,1.0
11078,0.9414516861892316,0.3707624979202089,1.0,1.0
11079,0.9310265937856577,0.2684472183357671,1.0,1.0
11090,1.0,1.0,1.0,1.0
11093,1.0,0.2070013258361191,1.0,1.0
11096,1.0,0.25580262317001384,1.0,1.0
11100,0.9996453385153402,0.21257543334898424,1.0,1.0
11103,1.0,0.224354913340472,1.0,1.0
11104,1.0,0.20857766838995725,1.0,1.0
11108,1.0,0.3297048472972886,0.997061536195175,1.0
11117,0.9959010853933118,0.2302925183284046,1.0,1.0
11132,0.9915333151082548,0.9585587541875041,0.9915333151082548,1.0
11133,0.9982791042868655,1.0,0.9982791042868655,1.0
11136,1.0,1.0,1.0,1.0
11137,1.0,1.0,1.0,1.0
11156,0.9996895157144899,0.1831636049867345,1.0,1.0
11160,0.9965606762807492,0.28830907288131624,0.9986747318599256,1.0
11163,0.7299848328307781,0.3346529424610504,1.0,1.0
11164,0.5568221584600748,0.27786614729585335,0.9982248096397639,1.0
11165,0.6585387175105035,0.46494251260808567,0.9868969674710609,0.9688939649735963
11168,0.5071809452916183,0.216590292615777,1.0,1.0
11175,0.6731925457576304,0.2807310430778614,0.9982029009283662,1.0
11176,0.5006890175032997,0.24405847264993746,1.0,1.0
11190,0.8838183441590134,0.8315179926962085,0.8838183441590134,0.8315179926962085
11192,0.8519695323705353,0.7559813970787036,0.8519695323705353,0.7559813970787036
11195,0.9287299830212846,0.26059478197538,1.0,1.0
11198,0.9545618687840273,0.3254067819669492,1.0,1.0
11199,0.9376236797711517,0.31937467824470156,1.0,1.0
11200,0.8336070641100933,0.7575317958342311,0.8336070641100933,0.7575317958342311
11209,0.7663174721687797,0.6275537947132661,0.7663174721687797,0.6275537947132661
11210,0.7888478372247459,0.7102354724391955,0.7888478372247459,0.7102354724391955
11215,0.8112442640667106,0.6788518842877561,0.8112442640667106,0.6789001686937128
11216,0.8224800993948803,0.7238262765773126,0.8224800993948803,0.7238262765773126
11218,0.9955624883430636,0.4143816876373195,0.9981961270025476,0.9985599920551281
11224,0.9998200200262453,0.24746483857115037,1.0,1.0
11225,0.6197163882469439,0.4374499416361087,1.0,0.994506554608359
11226,1.0,0.1625192981447664,1.0,1.0
11227,1.0,0.41743598557960304,1.0,1.0
11229,0.9958685576645127,0.48301981004449457,0.9990696249544636,0.9978542106750373
11240,1.0,0.23864305557627075,1.0,1.0
11243,1.0,0.355134848290406,1.0,1.0
11244,1.0,0.22199202652716254,1.0,1.0
11249,0.9980542061358085,0.18518000649703711,0.9977417595295728,0.9969131380857226
11253,1.0,0.323431425743159,1.0,1.0
11255,0.9993151662136162,0.23388862725655962,1.0,1.0
11258,0.9974460764516923,0.36411280734594903,0.9995437023600502,0.9989938710347064
11269,0.7648300445443031,0.6253458034437606,0.7648300445443031,0.6253458034437606
11271,0.987290601140686,0.19153004769893564,1.0,1.0
11272,0.9656522747770397,0.3756514207251563,1.0,1.0
11283,1.0,,1.0,
11286,0.5560855794869914,0.3664594531072554,0.9968931836951362,0.9928129899994486
11395,1.0,1.0,1.0,1.0
11396,1.0,1.0,1.0,1.0
11399,1.0,1.0,1.0,1.0
11400,1.0,0.25320714562122193,0.9994031227434841,0.999042667388495
11404,1.0,0.20926440091896628,1.0,1.0
11407,1.0,0.2928788644996817,1.0,1.0
11414,1.0,0.22573221312962666,1.0,1.0
11417,1.0,0.23758696251783376,1.0,1.0
11418,0.9996673136423226,0.2747108025556386,1.0,1.0
11421,0.9919825872110688,0.2505777674010835,1.0,1.0
11424,0.9821316764134631,0.33926512633600353,1.0,1.0
11427,0.9726538166950709,0.24001443090323515,1.0,1.0
11430,0.9989866896462555,0.2787054571437562,1.0,1.0
11434,0.8901518285599065,0.7966494609516127,0.8901518285599065,0.7966494609516127
11437,0.9488158277086288,0.9298592794673515,0.9488158277086288,0.9298592794673515
11438,1.0,1.0,1.0,1.0
11439,0.8920243075027554,0.7897014885938881,0.990213477742839,0.9865771736329333
11443,0.7991026594006416,0.6065119360039689,1.0,1.0
11449,0.7639090129839538,0.5798520582240491,1.0,1.0
11454,0.7340569091374829,0.542645582295486,1.0,1.0
11456,0.6607640363410924,0.4723625083528734,1.0,1.0
11460,0.744209947082212,0.551670825805715,1.0,1.0
11463,0.8029035560071667,0.6024658403166645,0.9838294542073344,0.9745575621650457
11466,0.7864472544245318,0.5496148815675714,1.0,1.0
11470,0.8565734007716203,0.6300192769371837,1.0,1.0
11471,0.9055458928222667,0.6955433975208631,1.0,1.0
11474,0.8080477638669353,0.7076407528725458,1.0,1.0
11479,0.9613364826867716,0.7068679090151803,0.9393947342862847,0.8887107861650152
11480,0.9750330449568093,0.8675708104352428,0.9022315155265052,0.8518026023893501
11485,0.9962930379741705,0.398742332714443,1.0,1.0
11489,0.9993512322720056,0.4151101563771548,0.9899178611916949,0.9840630478614931
11497,0.9992634133685161,0.24859858663036888,1.0,1.0
11498,0.9994782752933401,0.23301875834847413,1.0,1.0
11501,0.9994882208077487,0.24227072129024385,1.0,1.0
11509,1.0,0.21535863534902788,1.0,1.0
11510,0.998651770723775,0.24367424236929114,1.0,1.0
11511,0.9992534504566342,0.24150462100591677,1.0,1.0
11512,0.9986953104847804,0.2670595774550615,1.0,1.0
11513,0.995893552181914,0.23544312493361455,1.0,1.0
11514,0.9920345393172834,0.28681180355807256,1.0,1.0
11515,1.0,0.3954003953474094,1.0,1.0
11516,0.9976968280118416,0.386995485344769,1.0,1.0
11523,1.0,0.212085340804149,0.9455752470445126,0.9272868593695947
11526,0.8020233276567726,0.43484004640043883,1.0,1.0
11574,0.649669366878723,0.5099793032104554,0.93695813003732,0.927927517674886
11575,0.5575385691579825,0.30586116299238336,0.993739816129655,0.9792583515119925
11580,1.0,1.0,1.0,1.0
11581,0.9958620504235617,0.9953103317902171,0.9958620504235617,0.9953103317902171
11604,1.0,1.0,1.0,1.0
11605,1.0,0.9977622217661056,1.0,0.9977622217661056
11613,1.0,1.0,1.0,1.0
11614,0.9931992887486157,1.0,0.9931992887486157,1.0
11621,1.0,1.0,1.0,1.0
11622,1.0,1.0,1.0,1.0
11639,0.5723232192047393,0.4563893214815207,0.9992930856143287,1.0
11645,0.7065895491987918,0.5348021128900003,0.9937272788545697,0.9917696914758396
11647,0.6221915850457318,0.44837966121433187,1.0,1.0
11650,0.5870342063557775,0.3986462799202692,0.9990749749817205,1.0
11669,0.9378883300368969,0.4255601491507655,0.6910665928319962,0.43431349205019376
11670,0.9671015101515075,0.5259625227086658,0.690967411832892,0.4984649074277027
11672,0.9514329497151602,0.6410938198180843,0.8369405613831378,0.7378365990817597
11675,0.9924027000524229,0.4839533474798303,0.9126234074596001,0.8696621944463665
11676,0.8628700230058803,0.7829921951717925,1.0,1.0
11679,0.8609549630374269,0.8335494791600198,1.0,1.0
11681,0.9618823745205716,0.251624236991829,0.893200315865749,0.8427207510899315
11688,0.7592984497070817,0.703227153275341,1.0,1.0
11691,0.792594588619808,0.6559402420788996,1.0,1.0
11693,0.9175070742969106,0.8181062772383207,1.0,1.0
11695,0.9203366369784309,0.7726342974914234,1.0,1.0
11697,0.9924579626622378,0.3159213721717039,1.0,1.0
11701,0.9972098236239709,0.3601496719097561,1.0,1.0
11702,0.9978773238366203,0.31806992268252254,1.0,1.0
11705,0.9990663288727633,0.2661560304914594,1.0,1.0
11713,1.0,0.21203558112336987,1.0,1.0
11717,0.998046970838263,0.29666465617013016,1.0,1.0
11728,0.7742450692941149,0.6581305924178714,0.7742450692941149,0.6581305924178714
11729,0.7457707386217963,0.6112218337931677,0.7457707386217963,0.6112218337931677
11731,0.7959463289021554,0.7026336209905939,0.7959463289021554,0.7026336209905939
11732,0.7692264429178799,0.6309879702520977,0.7692264429178799,0.6309879702520977
11736,1.0,1.0,1.0,1.0
11737,0.99811615341968,0.9986351116324346,0.99811615341968,1.0
11738,0.927591236873225,0.9029605826021404,0.927591236873225,0.9029605826021404
11739,1.0,1.0,1.0,1.0
11740,0.9319606655795205,0.8921407003331847,0.9319606655795205,0.8921407003331847
11780,0.7764707727370066,0.6362242785611232,0.7764707727370066,0.6362242785611232
11781,0.8158852280681665,0.7029045992051515,0.8158852280681665,0.7029045992051515
11783,0.8240238693817122,0.6705280348423833,0.8240238693817122,0.6705280348423833
11784,0.9105777910467876,0.8370239284013392,0.9105777910467876,0.8370239284013392
11786,0.5741808293608722,0.3866138005198862,1.0,1.0
11787,0.5478714457141783,0.3423894583759536,1.0,1.0
11808,0.9991903317301934,0.2328242271822923,0.9959072232657119,1.0
11811,1.0,0.24038695142436348,0.9975858987282054,1.0
11812,1.0,0.2170218840717764,0.9976755862599381,0.998899969339179
11814,0.9978853366006059,0.23282480342954062,1.0,1.0
11816,0.9991955963610758,0.1807767901070357,0.9939556064908844,1.0
11817,1.0,0.2403999721929491,1.0,1.0
11818,1.0,0.26085340098846765,1.0,1.0
11819,0.9984298153936001,0.2433506414820152,1.0,1.0
11824,1.0,0.2690100334565683,1.0,1.0
11825,0.9997882133583009,0.25209515087846845,1.0,1.0
11826,0.997776215798984,0.22805139723428208,1.0,0.9981120642015111
11828,0.9995502575806481,0.2246563185137131,0.9984959200259577,1.0
11829,0.9982918124501136,0.19089356681424038,0.9941076912088006,1.0
11859,0.7436335262472277,0.644547421897005,0.9572021765365719,0.9437962312652334
11868,0.5846599496130961,0.4233038545373065,1.0,1.0
11888,0.6239652083385594,0.4818393297365976,0.8870446503534063,0.8058125815309394
11904,0.6836916896992797,0.444149144222816,0.9016440078272336,0.8201718184273739
11906,0.4926227183897283,0.22294309270058896,1.0,1.0
11908,1.0,0.9945257619845398,1.0,0.9945257619845398
11909,0.9313914264072753,0.3011306621305613,0.8460135018499626,0.7912049587677922
11912,0.963919382838347,0.2758222997480147,0.9970459830734112,1.0
11913,0.9933841750528523,0.2707379800555435,0.9911783944818567,1.0
11914,0.9979176428323792,0.30884766132982583,0.9965784401434838,1.0
11916,1.0,0.2592833908979577,0.9928138267460215,0.9947227773074333
11931,0.935781219621562,0.847364756633891,0.935781219621562,0.8717716096256897
11943,0.9973845795734193,0.31700302706739164,1.0,1.0
11960,0.8968999359501291,1.0,0.8968999359501291,1.0
11962,0.8821924827928751,0.7738552527913202,0.8821924827928751,0.7738552527913202
11964,1.0,1.0,1.0,1.0
11966,1.0,1.0,1.0,1.0
11967,1.0,1.0,1.0,1.0
11972,0.997985343505146,1.0,0.997985343505146,1.0
11973,1.0,1.0,1.0,1.0
11974,1.0,1.0,1.0,1.0
11975,1.0,1.0,1.0,1.0
11977,0.9006264577264123,0.9983242716926444,0.9006264577264123,0.9983242716926444
11988,0.9970193079044413,0.22434070922761978,0.9986818603741959,0.9979628555341972
11993,0.8982514535989501,0.3955298478191202,1.0,1.0
11994,0.880182923849032,0.32338012772641195,1.0,1.0
11995,0.8441256501387727,0.4114501567033741,0.9976972791326286,0.9952313445827343
11997,0.8770660447927786,0.38992495489342144,1.0,1.0
11998,0.766448574131337,0.452310304166066,1.0,1.0
11999,0.9261414566642974,0.3634797569357533,1.0,1.0
12000,0.8387121877062791,0.2778471112096129,1.0,1.0
12001,0.8166590789497453,0.2943012171931137,0.997215218897644,1.0
12002,0.9136620423300995,0.28148987997627145,0.9983080101584932,0.9990526800081847
12005,0.5718347442279438,0.3588822282249896,1.0,1.0
12347,0.7293883034326983,0.6158879402088191,0.7293883034326983,0.6158879402088191
12354,0.6693335707627712,0.5514505072781465,0.6693335707627712,0.5514505072781465
12355,0.6870429494021888,0.5468013262265143,0.6870429494021888,0.5468013262265143
12815,1.0,1.0,1.0,1.0
12871,0.8845216482658199,0.37871410574070413,1.0,1.0
12880,0.7100140965918009,0.4064753836996975,1.0,1.0
12881,0.7317051590093446,0.4115987786764453,1.0,1.0
12882,0.7016329497597428,0.33353824673518795,1.0,1.0
12888,0.6831387210397635,0.4958948395382501,1.0,1.0
12890,0.6310486650054093,0.43899285038490293,1.0,0.9986321255801086
12894,0.9282420504747437,0.8590573647934437,0.9282420504747437,0.8590573647934437
12915,0.38068609864886715,0.1489588932983218,1.0,1.0
12945,1.0,0.22477716842739184,1.0,1.0
12948,1.0,0.27990318769511807,1.0,1.0
12949,0.8168124624251095,0.6504982792964356,0.8168124624251095,0.6504982792964356
12952,0.8942545808112182,0.6724588731695209,0.8942545808112182,0.6724588731695209
12955,0.7569554973814103,0.6720184121501362,0.7569554973814103,0.6720184121501362
12959,1.0,0.23256890985142242,1.0,1.0
12962,0.4742010994258533,0.18716715606886983,1.0,1.0
12963,0.5035145530965448,0.2339525944817656,1.0,1.0
12964,0.5039368181691252,0.2855429977028647,1.0,1.0
12969,0.6253959209924684,0.3181759021553653,1.0,1.0
12974,0.452998772312613,0.15199072143068526,1.0,1.0
12975,0.4435673915292527,0.16201828613754746,1.0,1.0
12976,0.4804401016020611,0.25884848331258087,1.0,1.0
12982,0.4964782060779486,0.32905056992747955,1.0,1.0
12983,0.5789714757335751,0.3320285889282781,1.0,1.0
12985,0.5211208289407185,0.3501413985910008,1.0,1.0
12986,0.4470553154227585,0.16223822293132611,1.0,1.0
12998,0.5052805598073674,0.30415317399946595,1.0,1.0
12999,0.43109203784648853,0.23496157140849802,1.0,1.0
13000,0.5120560870816978,0.28632639693577383,1.0,1.0
13006,0.5780535674878743,0.3355154310643493,1.0,1.0
13008,0.4812386476140215,0.287524709037264,1.0,1.0
13010,0.5817093795184833,0.41908924005200043,1.0,1.0
13024,0.6548826559967784,0.40325816555055755,0.9831001520606651,0.9683596471379803
13031,0.9323302342804524,0.8951052421362853,0.9323302342804524,0.8951052421362853
13039,0.4826775517623566,0.26199125126529577,1.0,1.0
13040,0.4980560150181652,0.3109471220918211,1.0,1.0
13045,0.5483855702052444,0.3138699543428976,1.0,1.0
13052,1.0,0.24916911187344193,1.0,1.0
13058,1.0,0.24733109439725987,1.0,1.0
13067,0.7030258816423269,0.4711632268446154,0.9899446205708121,0.9581166316411395
13068,0.7731772882422219,0.6724705475150576,1.0,1.0
13076,0.5187886020955544,0.32557965914640097,1.0,1.0
13082,0.6396144148628904,0.5903557301613237,0.9888191614844877,0.9767925015469537
13089,0.9006184050537929,0.648855323822796,0.947588171780937,0.8809087453554808
13092,0.8991591784379558,0.3730218857185051,0.9460687292436888,0.7929326450837064
13097,0.6273259713815628,0.4757895023003182,0.9910975910563119,0.9376559412747659
13117,0.3929189311693535,0.2399462987134543,0.9791425024593308,0.9409418918046771
13132,0.7537492164211353,0.620146371836978,0.8130171092218982,0.6791055390246862
13143,0.7634165875287426,0.5481171512291668,1.0,1.0
13144,0.7127807263331426,0.5337675375261338,0.7657492837284847,0.6435564952488961
13162,0.973701610661281,0.9356854793170222,0.973701610661281,0.9356854793170222
13203,0.622216401258987,0.4670410227400312,1.0,1.0
13204,0.6919861966282481,0.5011271158691641,1.0,1.0
13214,0.6510337602688406,0.3757100022271809,1.0,1.0
13240,0.6585414101981802,0.49365185399161177,1.0,1.0
13244,0.6385414661802504,0.5014951611577022,1.0,1.0
13255,0.8562431402206717,0.25225284725137154,1.0,1.0
13257,1.0,0.24357035483751308,1.0,1.0
13273,0.9290675387157106,0.35504948861469615,1.0,0.9810809977202339
13275,0.9342013648692012,0.33393008673240143,1.0,0.9946055716944223
13280,0.7172185768062667,0.39681451420037833,0.9263326725622095,0.9043643180245096
13281,0.6395472035777537,0.34958882454848705,0.9262290851914772,0.840725586237496
13288,0.9691529609384106,0.974830547426901,0.9691529609384106,0.9781178695259589
13294,1.0,0.31052919208879864,1.0,1.0
13297,0.6521710613391171,0.44435723314652287,1.0,1.0
13298,0.7491684532069609,0.3646676504244829,0.9771483380407547,0.9753757086249278
13299,0.6843550140888516,0.26494269723237707,0.9582336624800146,0.9934695958910208
13300,0.5835719308751858,0.2413804264782373,0.9636049128951281,0.997541097084806
13302,0.7384903030569273,0.5704951647583255,0.996870543166144,1.0
13312,0.7159924126310219,0.5651853850280129,0.9889604174939183,1.0
13320,0.7716656791951725,0.5569316555213505,0.9528147548280117,0.9442872083761866
13332,1.0,0.3453853857882126,1.0,1.0
13333,1.0,0.2532194451700022,1.0,1.0
13335,0.9998257799336626,0.3105603306019699,0.9986430176922416,1.0
13343,0.9766975651514916,0.2556686192509909,0.9476387721650803,0.9085449760117073
13344,0.9619682004089982,0.2742346627029696,0.993115408425547,0.9544589480790404
13345,0.9771804459128876,0.21519889851371957,0.9945698420798802,0.9851885819704747
13346,0.9939979432845121,0.2734176417456015,1.0,1.0
13366,0.9721710656861229,0.4357954811060193,0.9332498283552471,0.8571783766371984
13369,0.9991687746920453,0.3958287670088381,0.9972151508018974,0.9980242153024186
13370,0.9998299343733895,0.37666695076282614,0.9961264588164056,0.9953477733549846
13372,0.9995623044560662,0.6589866852715422,0.9996669718383766,0.9988336801563571
13374,0.8542493095145521,0.7268545092084091,0.9989849304912783,1.0
13388,0.7225428018378119,0.4093905209816655,1.0,1.0
13389,0.7152011865482933,0.43669432389630936,0.9896411508538304,0.9976907407964223
13390,0.5324753147546212,0.4166050863727178,1.0,1.0
13408,0.650963110830278,0.22971822627047425,1.0,1.0
13413,0.4758018850835355,0.306138524154635,1.0,1.0
13419,0.7877158936040037,0.6541555891527145,0.7877158936040037,0.6541555891527145
13425,0.7216551562746905,0.624164650798263,0.7216551562746905,0.624164650798263
13431,0.5973813183119042,0.375728946098622,0.9995643346080604,0.995229968789535
13432,0.6895015280453372,0.4926710813681394,0.9981832296937303,0.9972395663836613
13433,0.6349796246808959,0.43223567960290665,1.0,1.0
13439,0.9557014811570804,0.8896082194416736,0.9557014811570804,0.8896082194416736
13444,0.951114875459925,0.890023784788488,0.951114875459925,0.890023784788488
13485,0.30479384544048815,0.21198517062398708,1.0,1.0
13488,0.5826155051974693,0.3565178783702831,1.0,1.0
13491,0.27605724711863044,0.17633466608580545,1.0,1.0
13528,1.0,0.20958615241014614,1.0,1.0
13533,1.0,0.19122167388122607,1.0,1.0
13539,0.8972195748972367,0.6661569276553956,0.919774768581638,0.6354063309663149
13540,0.6402681455043323,0.45665195068184705,0.9994189545231398,0.999140146248004
13541,0.7497433513421567,0.5975052353242425,0.9927030661027552,0.9970121027793867
13544,0.7345931967165774,0.6650559358548191,0.7345931967165774,0.6650559358548191
13548,1.0,0.17788015498616896,1.0,1.0
13551,1.0,0.17655841870634645,1.0,1.0
13554,0.640443450597168,0.5057820035173174,0.9980178095911647,0.997044726560866
13557,0.49655770527813053,0.35271411101647265,0.9423972729110826,0.9071760672338389
13558,0.5546628534757606,0.38919914485046814,0.9828262619603695,0.9617620799774625
13566,1.0,1.0,1.0,1.0
13568,0.4317177143694803,0.27323274131659064,1.0,1.0
13569,0.5577791126124756,0.28558732391615116,1.0,1.0
13577,0.993699052137861,0.24882829931921563,0.9901924917883901,0.8909626949192292
13579,0.9894149677295934,0.19569136119169292,0.988621699866862,1.0
13594,0.9895842004368922,0.18043797881118567,0.9949701906213918,1.0
13595,1.0,0.24838979389434346,1.0,1.0
13597,1.0,0.20651842409465954,1.0,1.0
13599,1.0,0.20563425643379077,1.0,1.0
13600,1.0,0.22588407711845265,1.0,1.0
13617,0.8057859907590139,0.35901234986266733,0.9652239044898988,0.9109208278448484
13618,0.9534287509590422,0.35239657802134344,0.9985442057904353,0.9739343697427253
13620,0.997448767446846,0.17476182799960946,1.0,1.0
13625,0.6663381081649131,0.500844420483547,0.9431217785389732,0.9242459473729042
13628,0.6691543006128198,0.4833318478615748,0.9956068618152606,0.9186220725353932
13629,0.9996050140476418,0.21201354832231242,1.0,1.0
13638,0.7863255980778433,0.7291612172960774,0.7863255980778433,0.7291612172960774
13644,0.7347540767381003,0.5432636081848704,0.9781762828195317,0.962198050283488
13647,0.6752175698089298,0.37643124933877875,1.0,1.0
13650,0.629807479036369,0.3250194079744077,1.0,1.0
13653,0.6897694179192329,0.3745477619983272,0.9996920645788931,1.0
13661,0.9975083553858256,0.22402410964289243,1.0,1.0
13662,0.9997935261376091,0.24536050923610764,1.0,1.0
13664,0.9987225145529869,0.21229146286781772,1.0,1.0
13666,0.9980003062080669,0.2845101152032585,1.0,1.0
13680,0.9899203010945024,0.2495398926732732,0.9961266524846824,1.0
13688,0.9993607471257716,0.2196118470365976,1.0,1.0
13694,0.7708034846981163,0.20467827316771947,0.9919782333726777,0.9889035761150237
13697,0.854324540573567,0.5871003568400815,0.854324540573567,0.5871003568400815
13698,0.9634293763427928,0.9782075965686904,0.9634293763427928,0.9782075965686904
13699,0.9490350103882428,0.9446955100529724,0.9490350103882428,0.9446955100529724
13716,0.6455598756018991,0.5463782035305202,0.9988792689544946,0.9981438788097863
13717,0.6606046071974506,0.5014688979204998,1.0,1.0
13719,0.5996444029199236,0.430626975846162,1.0,1.0
13720,0.6880217355732322,0.5271106815876444,1.0,1.0
13723,0.5916181292657989,0.39946470681149665,1.0,1.0
13749,0.8559283632384226,0.7517268380216292,0.9975286792749389,1.0
13753,0.7943549740690561,0.6909582144262136,1.0,1.0
13754,0.727550029174282,0.5178423667318159,0.9980611292509982,1.0
13757,0.7681910891798336,0.5731995562791287,1.0,1.0
13760,0.762952855661899,0.6088647895039526,1.0,1.0
13763,0.7613503737116923,0.6362620031554149,1.0,1.0
13767,0.9990661622930078,0.25423543571330876,1.0,1.0
13779,0.997722476210164,0.23615675510369755,1.0,1.0
13783,0.9990720799217614,0.21883267797861805,1.0,1.0
13784,0.9997117144521134,0.21779127622808855,1.0,1.0
13787,0.9996019412051664,0.20720593285085614,1.0,1.0
13791,0.9771366331041696,0.3133007706328164,1.0,1.0
13795,0.9951753874351015,0.26322370195137623,1.0,1.0
13799,0.9992113936676961,0.23104900110513774,1.0,1.0
13803,0.9986175080531434,0.21098721119789204,1.0,1.0
13807,1.0,1.0,1.0,1.0
13810,1.0,0.2321842178352509,1.0,1.0
13817,0.9996613166199282,0.19778609786771104,1.0,1.0
13832,1.0,1.0,1.0,1.0
13835,1.0,1.0,1.0,1.0
13841,0.6547122597788007,0.46307977426216745,0.6547122597788007,0.46307977426216745
13856,0.9926435823234628,0.2975127705857682,1.0,1.0
13858,0.9981341824571892,0.26486508961487115,1.0,1.0
13859,0.9969723603730338,0.42499381984122786,0.9994499136822749,0.9593946742737588
13875,1.0,0.24671943236417757,1.0,1.0
13877,1.0,0.23232813266090113,1.0,1.0
13879,1.0,0.2332659010732842,1.0,1.0
13881,1.0,0.22624508439361093,1.0,1.0
13891,0.8688759653992141,0.7871735347764955,0.8688759653992141,0.7871735347764955
13892,0.8523923964415188,0.6945879451479577,0.8523923964415188,0.6945879451479577
13893,0.8772233506483376,0.7920394828431145,1.0,1.0
13894,0.8242290294405815,0.6583768711267588,0.9782670783148474,0.9556766145609051
13895,0.8313488097350795,0.620338503137858,0.970109355603452,0.9573665375823831
13896,0.8324739256447767,0.6096612677690652,0.8324739256447767,0.6096612677690652
13945,0.6131295270836324,0.5135321860935667,0.9311764127647384,0.8048529808869271
13948,0.6749688450749024,0.4915085970581533,0.963648895653043,0.9149729376841612
13951,0.5448811703101746,0.32608692788390764,0.9419145847856466,0.8410068687793137
13963,0.6144965610073672,0.3609580380635736,1.0,1.0
13964,0.674383423300201,0.41140753790043233,1.0,1.0
13976,0.8956991889226416,0.7700725888098827,0.8956991889226416,0.7700725888098827
13977,0.8631138788902938,0.6901412869036206,0.8631138788902938,0.6901412869036206
13978,0.9161448139125236,0.7733708670524629,0.9754735061346858,0.9967229069521591
13979,0.8539353646474727,0.7487985475877856,1.0,1.0
13980,0.8577621377882432,0.7793402415895088,0.8577621377882432,0.7793402415895088
13981,0.9342963934355982,0.8859072994214856,0.9536658471378686,0.9970399099041999
13987,0.9979337965901746,0.20921255531101005,1.0,1.0
14006,0.7512393444929505,0.6678475546818211,0.987786403099492,0.9724441891233981
14007,0.7580494385023211,0.6702109068586083,1.0,1.0
14008,0.806839479046382,0.7100461032319363,0.9881504080076102,1.0
14011,1.0,0.2106701439229138,0.9967176596932948,1.0
14014,0.7395086578854804,0.5808796606590276,0.9891733589594985,0.9608126076123642
14016,0.7393351056109891,0.5967080068898041,0.9697208130673812,0.9270291133061247
14017,0.8916451642167036,0.46729594617227277,0.8219611562232427,0.6952496932784018
14018,0.873883924810895,0.4595535330185638,0.6765557533073638,0.5741929387116694
14020,0.9079610506206272,0.458534844347138,0.7916607502187204,0.6511428896998762
14021,0.9899806474621206,0.509522567959411,0.8824100135315489,0.7898772158471609
14022,0.9194539539672343,0.5056321088276513,0.895550625986359,1.0
14025,0.7145609154105323,0.6240949195750922,0.7145609154105323,0.6240949195750922
14032,0.9990993642994028,0.18932568162776306,1.0,1.0
14046,1.0,1.0,1.0,1.0
14047,1.0,1.0,1.0,1.0
14050,1.0,0.1559022334214615,1.0,1.0
14053,1.0,1.0,1.0,1.0
14056,1.0,1.0,1.0,1.0
14058,1.0,1.0,1.0,1.0
14059,1.0,0.10875233909360464,1.0,1.0
14060,1.0,0.1677775794859062,1.0,1.0
14061,1.0,0.24316012810064425,1.0,1.0
14062,1.0,0.12201271444321984,1.0,1.0
14063,0.9116030813889223,0.8118888621234669,0.9116030813889223,0.8118888621234669
14081,0.9916144297717904,0.20898794441050786,1.0,1.0
14086,1.0,1.0,1.0,1.0
14102,0.9087798456600961,0.3083337126535012,0.9018484874344842,0.8698889198587284
14103,0.9444514021807386,0.2793682098532267,0.8928930782299345,0.8280518289504817
14107,0.9993743847869445,0.2368333763705358,0.998772049403193,0.9945404483183696
14108,1.0,0.23547024481260184,0.9992505041189653,0.9980431420343965
14112,0.6737013811172349,0.5892105764355805,0.7962255713874834,0.5847585564819777
14113,0.8257253899723592,0.49722359407474764,0.7357877600288312,0.6118455075019092
14114,0.9165165528901228,0.5408589749201328,0.7725722920259067,0.6329807584601266
14115,0.7282037385363394,0.5973586293221562,0.735381342253179,0.6167319845086824
14116,0.7147805382705201,0.6200018191423028,0.800069914066869,0.6387163293682002
14119,0.9485463353136663,0.25500763978848123,0.9028027209318088,0.8587294159118913
14123,0.2926872347821131,0.1457024586814672,1.0,1.0
14128,0.43266973710626494,0.15880845025211868,1.0,1.0
14131,0.48073202211332144,0.3180922675680917,1.0,1.0
14134,0.4859700481608929,0.29571115733962694,1.0,1.0
14136,0.615163478222073,0.3096185472880466,1.0,1.0
14139,1.0,0.2096802341315903,1.0,1.0
14140,1.0,0.23879870867928973,1.0,1.0
14144,1.0,0.30482023363311195,1.0,1.0
14147,0.8304388232836022,0.2987088556493406,0.710626331936086,0.5823474381417969
14151,0.9991989764042488,0.2401212145396002,1.0,1.0
14153,1.0,0.24137871625829518,1.0,1.0
14161,0.7019004125943533,0.4747904120923484,1.0,1.0
14166,0.999421804498871,0.2478319872258957,1.0,1.0
14170,0.6873692747302779,0.48126650870223553,1.0,1.0
14175,0.6184328161885112,0.4183975071589234,1.0,1.0
14176,1.0,0.16337273142681097,1.0,1.0
14177,0.6704175298321959,0.4685663514609382,1.0,1.0
14183,0.9996530940775685,0.30903169524100954,0.999019967255168,1.0
14187,0.680935822604653,0.4923047738528174,1.0,1.0
14193,0.9961316297866367,0.24598121677162316,1.0,1.0
14197,0.9989997246972632,0.3101339043528829,1.0,1.0
14201,0.9998317827026945,0.27611486169453986,1.0,0.9970522986984264
14205,1.0,0.3236717981379538,0.9801237817752174,0.9702285811767212
14255,0.9743436876741141,0.9559719890685537,0.9743436876741141,0.9559719890685537
14270,0.5717959255092883,0.24502161051366547,1.0,1.0
14271,0.40776827021883255,0.15979129189532545,1.0,1.0
14272,0.48477375640460946,0.2498677739568044,1.0,1.0
14274,0.48096416756539084,0.2957354913256652,1.0,1.0
14278,0.5193303805369541,0.354600238188937,1.0,1.0
14279,0.43739176968095084,0.23026505105244183,1.0,1.0
14281,0.5987209997248363,0.3852970948749434,1.0,1.0
14282,0.8176707486102384,0.6800262623149536,0.8176707486102384,0.6800262623149536
14289,0.9699171379710811,0.7430528164057281,0.6885977725460527,0.49149132236313503
14290,0.9561683510259511,0.6991301727128403,0.7190705769520256,0.4617911698230985
14294,0.8455014176534678,0.5156837139371097,0.5701832621119651,0.33958910319647667
14307,1.0,0.32752526139421384,1.0,1.0
14308,1.0,0.2745382289800962,1.0,1.0
14314,0.6194163313638164,0.4042661305436178,0.6194163313638164,0.4042661305436178
14315,0.5964736899151397,0.49952638856485576,0.5964736899151397,0.49952638856485576
14316,0.75181617173058,0.6201207348707243,0.75181617173058,0.6201207348707243
14317,0.6011934234746723,0.46984536051991327,0.6011934234746723,0.46984536051991327
14319,0.9388640919144069,0.39547734298846815,1.0,1.0
14332,0.7821848779156637,0.5953898769754744,0.9946904830259655,0.9973405136216581
14333,0.7013215860110203,0.4697687015097893,0.9947201808122734,0.9930834471356047
14336,0.9425186452013505,0.8953201223037561,0.9425186452013505,0.8953201223037561
14342,0.7650938826842367,0.6264286068782888,0.7650938826842367,0.6264286068782888
14349,0.9996959980752192,0.2978730938610009,1.0,1.0
14351,1.0,0.2509433940451476,1.0,1.0
14370,0.761431967916156,0.705410727723411,0.761431967916156,0.705410727723411
14373,0.9301695973993854,0.8407364688641734,0.9301695973993854,0.8407364688641734
14377,0.8298228263878673,0.7417877949042259,0.8298228263878673,0.7417877949042259
14379,0.9319080439474585,0.8681940722057262,0.9319080439474585,0.8681940722057262
14387,1.0,0.21461429937588888,0.9987076999748998,1.0
14389,0.9996838819064747,0.21915224848850492,0.9971066930587291,1.0
14392,1.0,0.3090399360634858,1.0,1.0
14395,0.899599002434879,0.22849060630046072,0.9658706076806759,0.9421819290458583
14397,0.6655778730277824,0.5133116930995502,0.7347228109200958,0.5963439756040626
14402,0.8723376378082919,0.8403317592544504,0.9217872760415282,0.7571310679276052
14404,0.9989891710903213,0.4562362501533437,0.9648877571432146,0.938790054687066
14409,0.7882447547190895,0.5002866430437817,0.9288565879327966,0.8906538555817927
14414,0.9248439022339044,0.45890738571182155,0.9807914407607518,0.9576075420640395
14425,0.9907907817683739,0.3257909111613292,0.9970896532552539,0.9981743025884692
14429,0.9520406853113211,0.7736021757855723,0.7545315503951858,0.5285739733081146
14433,0.9993254851855468,1.0,0.9993254851855468,1.0
14435,0.9324984031793431,0.8938581780861222,0.9324984031793431,0.8938581780861222
14437,0.9875186446390302,0.9835147471402114,0.9875186446390302,0.9835147471402114
14439,0.4758226209743259,0.2371508846517339,1.0,1.0
14440,0.4054044058886333,0.16031391187128358,1.0,1.0
14441,0.5330715756095601,0.3467804487972375,1.0,1.0
14443,0.5102220583807917,0.31677575564559907,1.0,1.0
14451,0.9994242738539174,0.244610981743901,0.992491273197516,0.991014954683043
14477,1.0,1.0,1.0,1.0
14478,0.874746440171442,0.8624973811934777,0.874746440171442,0.8624973811934777
14489,0.9383076117114719,0.26394397765835315,0.933473435996477,0.8740351925364782
14496,0.9996282171532586,0.20128209471553848,0.9976783274260066,1.0
14504,0.7362021952014974,0.5375464783447352,0.9298343423967952,0.8697701520938411
14513,1.0,0.2790453748105182,1.0,1.0
14521,0.49781123705391433,0.3363489529522949,1.0,1.0
14522,0.5105498705108106,0.3423067496129439,1.0,1.0
14525,0.4996337549321475,0.3466011077245706,1.0,1.0
14529,0.45916302024322636,0.24622056333922526,0.9968649262591577,0.9960845432155928
14531,0.5923850053858122,0.4799436405487787,1.0,1.0
14533,0.8566925625216838,0.4342487951839347,0.9911099272419301,0.9745849243107967
14547,0.9648675941512739,0.9694413707323806,0.9648675941512739,0.9694413707323806
14549,1.0,1.0,1.0,1.0
14550,0.8891200480466095,0.8231708020242101,0.8891200480466095,0.8231708020242101
14552,0.8788392283853713,0.6727783547610896,0.8788392283853713,0.6727783547610896
14571,0.9703231142891854,0.9245701117531006,0.9703231142891854,0.9245701117531006
14572,0.7616988984463221,0.4981481174613738,0.7616988984463221,0.4981481174613738
14711,0.9892366120389062,0.9824356770088235,0.9892366120389062,0.9824356770088235
14717,1.0,0.9631042527727094,1.0,0.9631042527727094
14718,1.0,1.0,1.0,1.0
14727,1.0,0.9200246947101559,1.0,0.9200246947101559
14733,0.9716749720761769,0.9348479205927828,0.9716749720761769,0.9348479205927828
14734,0.9966801204766432,0.9916492693110646,0.9966801204766432,0.9916492693110646
14744,0.9994133477661069,0.35279954585980816,1.0,1.0
14747,0.5998897935985786,0.26547518541447324,1.0,1.0
14758,0.950990992247255,0.29634806654827683,0.8846034852736481,0.7486218003182485
14759,0.9374125516593009,0.2972095758914708,0.9675646386897822,0.9356566190880667
14761,0.9203341272203686,0.24732496033559007,0.9216515701887213,0.8620309517031972
14762,0.9637052918331487,0.25161913858893037,0.8428320070305186,0.6976243759287456
14764,0.9236310137028616,0.8786135324695827,0.9236310137028616,0.8786135324695827
14765,0.8797385340761976,0.8200923752209576,0.8797385340761976,0.8200923752209576
14766,0.8472647156114801,0.722248038453429,0.8472647156114801,0.722248038453429
14767,0.8630437267349421,0.7557903535233256,0.8630437267349421,0.7557903535233256
14774,0.7803928839850871,0.6372435419485686,0.9831849355193977,0.9978369207277517
14776,0.8008877224549212,0.7109158602893385,0.8008877224549212,0.7109158602893385
14777,0.7018229724882219,0.6212414068023497,0.9830959497071287,0.9767920773174809
14785,0.6951647283388672,0.625752105544286,0.9903712999561263,0.9756927032753285
14790,0.6539714158908962,0.5995572678707308,0.6539714158908962,0.5995572678707308
14799,0.6294507324702991,0.46572238770439467,1.0,0.9968540599680732
14803,0.7372486846706229,0.6516463595839723,0.9715385542378101,0.9479735162344223
14804,0.8820106759512035,0.7647914140743334,0.9930988898527696,0.9928352728263817
14806,0.817393147586954,0.6957921993715237,0.817393147586954,0.6957921993715237
14808,0.8319887403783357,0.7233966721020473,0.8319887403783357,0.7233966721020473
14814,0.7819854126417931,0.6661867170554159,0.7670016068544612,0.6743411310152683
14816,0.8527474994656471,0.7550392532808196,0.9992552966585981,0.9971709241784033
14818,0.9149322194586109,0.8880796214028964,0.9149322194586109,0.8880796214028964
14819,1.0,1.0,1.0,1.0
14838,0.9813270014729782,0.4494919063475995,0.7233345168697962,0.508347981235245
14842,0.9949875834766915,0.48317542415296666,0.698631476391256,0.513627705827794
14877,0.8609051571514238,0.7011421488736221,0.9920863948774414,0.9936098133811679
14878,0.8313276701057138,0.7674785036657293,0.9964019211853965,0.9989518999491674
14879,0.924221672475082,0.8549626701902785,0.9971789865208627,1.0
14880,0.7763615958816508,0.5494203078752148,0.9878425427513268,0.9905671421612128
14881,0.7765995752768725,0.6176512339627346,0.9989624707861691,0.9906002059795763
14888,0.9031958559591462,0.36562540017695483,1.0,1.0
14889,0.9647086408253964,0.3953261332861176,1.0,1.0
14890,0.9749106061365008,0.24007956804214317,1.0,1.0
14891,0.9805062621856486,0.23637636258263478,1.0,1.0
14892,0.9724146147370561,0.2739748197497869,1.0,1.0
14895,0.9657119632463671,0.2523152972548829,1.0,1.0
14897,0.9022166301592747,0.19782113990260292,1.0,1.0
14923,0.8771093051627853,0.749040204878081,0.9968631374572858,0.9981604865149462
14933,0.7707624162544122,0.5339853956426557,1.0,1.0
14946,0.9937196975985121,0.24729182422556611,1.0,1.0
14949,0.9955727787286816,0.33791764036668837,1.0,1.0
14952,0.9960022664225345,0.2685506489624021,1.0,1.0
14954,0.9582021792719473,0.2284212734411546,1.0,1.0
14955,0.9964241985301291,0.27752776203617824,1.0,1.0
14956,0.9906786181233209,0.31238700243289547,0.6863110843617939,0.5117979514320772
14957,0.9244700791267686,0.26847013089136673,0.6759277680350647,0.44714491070109114
14958,0.9800167978718146,0.27637737144295843,0.6448651686974937,0.4879721958807141
14959,0.997826792914384,0.9860493331118876,0.997826792914384,0.9860493331118876
14960,0.9959743328276834,0.9980140582136515,0.9959743328276834,0.9920191458980943
14966,0.9147034755921608,0.32195458409407923,1.0,1.0
14971,0.5157243993142272,0.3409027902633399,1.0,1.0
14972,0.4843619311111388,0.36879087691918055,1.0,1.0
14987,1.0,0.22651933591985116,1.0,1.0
14989,1.0,0.22003291539204917,1.0,1.0
14991,0.998945449747082,0.2618641308408315,1.0,1.0
14992,0.9991358262897359,0.2080406979380778,1.0,1.0
15009,0.9505175851949232,0.9139030392638201,0.9505175851949232,0.9139030392638201
15013,0.9866852721975253,0.9768278544965566,0.9866852721975253,0.9768278544965566
15015,0.9855703133101025,0.8784092420609819,0.763837258428832,0.660267935205775
15018,0.9567128295306732,0.9218673689532373,0.9567128295306732,0.9218673689532373
15019,1.0,0.97399622033374,1.0,0.97399622033374
15022,0.9263998603801824,0.8122050242195458,0.9263998603801824,0.8122050242195458
15024,1.0,1.0,1.0,1.0
15025,0.9945126308039732,1.0,0.9945126308039732,1.0
15028,0.9032183652484641,0.9985597773505206,0.9032183652484641,0.9985597773505206
15029,0.7164848650375151,0.5789484516702726,0.982091672580444,0.8857925852383083
15030,0.6722705259745021,0.50285960240768,0.9072728251499554,0.8599777963662683
15040,0.7310724728561051,0.4659022443042371,0.9369490636501044,0.8878903144628948
15044,0.7288706368938761,0.46444397920706604,0.9799948790825588,0.9586586658870208
15051,0.9975454251934669,0.258791144233256,1.0,1.0
15052,0.9958656955838121,0.2906532085522367,1.0,1.0
15055,0.9907152134705608,0.2519947495791593,1.0,1.0
15061,0.9894740579919338,0.3114827607183846,1.0,1.0
15063,0.9798309845266466,0.20301544351817774,1.0,1.0
15068,0.9636817700290832,0.9387552078764115,0.9636817700290832,0.9387552078764115
15069,0.9723842031456227,0.9491426183879013,0.9723842031456227,0.9491426183879013
15080,0.9710160332432353,0.9359321948045929,0.9710160332432353,0.9359321948045929
15081,0.9250483265328319,0.8550654201685243,0.9250483265328319,0.8550654201685243
15084,0.9384499618736802,0.8761816385034495,0.9384499618736802,0.8761816385034495
15096,0.6402510947987572,0.5314997769913907,1.0,1.0
15109,0.5214478384020609,0.355579850619449,1.0,1.0
15116,1.0,1.0,1.0,1.0
15118,0.994304790734705,0.4417855355895421,0.7010827003588256,0.4340694876282896
15119,0.9914407285548927,0.27663108662095887,1.0,1.0
15120,0.993061223859359,0.2868914130034787,0.8605976866893551,0.7127594145615639
15121,0.9915696186785682,0.31577224511797786,0.8776433675966318,0.7993049111444415
15124,0.9449581708023216,0.2515804064337906,1.0,1.0
15125,0.963519809792842,0.2059453323056328,1.0,1.0
15126,0.8956181035162487,0.21178954386393403,1.0,1.0
15130,1.0,,1.0,
15131,1.0,,1.0,
15133,0.9922526560850862,1.0,0.9922526560850862,1.0
15136,0.9993041189317731,0.21682733908173066,1.0,1.0
15141,0.9903934067063204,0.9514340293355773,0.9903934067063204,0.9514340293355773
15147,0.8114913579024849,0.47492882680644394,0.7928583643332355,0.5976631439842096
15150,0.5724976656381809,0.47371867131365675,1.0,1.0
15166,0.657046043173007,0.42241354354108973,1.0,1.0
15173,0.7191821895488864,0.4998568301959821,1.0,1.0
15177,0.7016091997659224,0.5439035204390998,1.0,1.0
15179,0.7300106557703785,0.5528998356565259,0.9976813378585795,1.0
15184,0.411226337462206,0.2435561566257468,1.0,1.0
15185,0.4298349961133419,0.25663504261464654,1.0,1.0
15186,0.9934139421734821,0.2071189064994243,0.9950240219520292,0.9848609123439724
15187,0.9879640096181844,0.17953174023169874,0.9995351653472072,0.997367030880303
15188,0.9992734407274368,0.1899580582101433,0.997900003440726,0.9950483416645979
15191,0.998473443233299,0.2913036534516782,1.0,1.0
15192,0.9964446910791543,0.2517064680590783,0.9992005729914027,0.998735555547817
15193,0.9963248976389367,0.2578418295626196,1.0,1.0
15195,0.9953816654461551,0.2970647517368199,1.0,1.0
15199,0.9994619171029927,0.23542027240533556,1.0,1.0
15200,1.0,0.2195978774586283,0.9979599665866454,0.9181323531542287
15202,0.9993848271226365,0.5306640419651062,0.7947851443505296,0.6710343112666955
15203,1.0,0.23315268977074377,1.0,1.0
15204,1.0,0.2324440725030022,1.0,1.0
15206,0.9984243838835534,0.3047935668258407,1.0,1.0
15216,0.6254385852552291,0.41100360741923375,0.9981723960844372,1.0
15218,0.47622302633239094,0.3214074478223579,1.0,1.0
15220,0.5940276949327332,0.4245228463764877,1.0,1.0
15222,0.48518008670660523,0.3335227278027576,1.0,1.0
15230,0.7553327600395174,0.5614516775238731,0.7553327600395174,0.5614516775238731
15237,0.7687017511737625,0.6360765920726694,0.7687017511737625,0.6360765920726694
15238,0.6657520576957724,0.5548443209277808,0.9775118599358905,0.956174184348183
15240,0.7286206281116885,0.6233094311235831,0.9786809786039695,0.9680201114528981
15247,0.7732402509084636,0.5536349492271699,0.7732402509084636,0.5536349492271699
15287,0.5491318946889786,0.2246725343983036,0.944219913439572,0.9120548170991818
15288,0.8225151295360849,0.4147712649786799,0.991688413510606,0.9776215573349424
15290,0.9986640008505981,0.20274294001992868,0.9823337256713532,1.0
15292,0.9968471953292833,0.1854629878366118,0.985142779314348,0.9732392692416673
15293,0.9980337829908266,0.2744145848346242,0.9987315658605416,1.0
15302,0.9994727718197369,0.3061650185610496,1.0,1.0
15304,1.0,0.2912192491896539,1.0,1.0
15306,0.7632770489091685,0.36456682112016847,1.0,1.0
15308,0.7053912201848155,0.3717262538564497,1.0,1.0
15320,0.9942690406461037,0.37062887084595786,1.0,1.0
15328,0.7817965919935607,0.5847772250776705,1.0,1.0
15333,0.6917478707601558,0.45677755594893005,1.0,1.0
15338,0.788911965050527,0.3750822968533048,1.0,1.0
15343,0.8371423750705629,0.7223515370180884,0.8371423750705629,0.7223515370180884
15348,0.8627264156930614,0.7572912621699078,0.8627264156930614,0.7572912621699078
15352,0.9547666274520399,0.889047881002589,0.9547666274520399,0.889047881002589
15353,0.9986339474206828,0.4060480592314884,0.9735337441064347,0.885567527695167
15355,0.6686736143172218,0.43118476588954807,1.0,1.0
15360,1.0,1.0,1.0,1.0
15361,1.0,1.0,1.0,1.0
15362,1.0,1.0,1.0,1.0
15363,1.0,1.0,1.0,1.0
15364,0.8282582401212516,0.6323795884049469,0.9719498533299039,0.955337343690444
15365,0.787692284446289,0.6614154038289968,0.787692284446289,0.6614154038289968
15366,0.6257455103184596,0.45251794579240273,0.9816312597038486,0.9838802819494097
15367,0.7370446523645523,0.5929006436408956,0.7370446523645523,0.5929006436408956
15369,1.0,0.18993661536161618,1.0,1.0
15370,0.9458313811330068,0.9061501725584618,0.9458313811330068,0.9061501725584618
15372,1.0,1.0,1.0,1.0
15375,1.0,1.0,1.0,1.0
15376,0.8847858026595997,0.8339310344147669,0.8847858026595997,0.8339310344147669
15377,0.8768595416920961,1.0,0.8768595416920961,1.0
15378,1.0,1.0,1.0,1.0
15379,1.0,0.9946329903250857,1.0,0.9946329903250857
15380,1.0,1.0,1.0,1.0
15382,0.9495772903323078,0.9993731192867655,0.9495772903323078,0.9993731192867655
15384,0.9302139286274473,0.9047547512104587,0.9302139286274473,0.9047547512104587
15386,1.0,1.0,1.0,1.0
15387,0.9731075297995853,1.0,0.9731075297995853,1.0
15393,0.888713392032957,0.8513884928862894,0.888713392032957,0.8513884928862894
15394,0.8768817713279314,0.7948373067800776,0.8768817713279314,0.7948373067800776
15401,0.9398452512044347,0.9981733425200027,0.9398452512044347,0.9981733425200027
15402,0.9556676724688209,0.9990043677872716,0.9556676724688209,0.9990043677872716
15403,0.9184859324406226,0.8818033237099716,0.9184859324406226,0.8818033237099716
15404,0.9188418239781208,0.8780634153073512,0.9188418239781208,0.8780634153073512
15405,0.9991837357020521,0.99885589925801,0.9991837357020521,0.99885589925801
15406,1.0,1.0,1.0,1.0
15409,1.0,1.0,1.0,1.0
15410,1.0,1.0,1.0,1.0
15411,1.0,1.0,1.0,1.0
15413,1.0,1.0,1.0,1.0
15415,1.0,1.0,1.0,1.0
15417,0.947070465499865,0.892240914877921,0.947070465499865,0.892240914877921
15419,0.9381494334108288,0.897461162538965,0.9381494334108288,0.897461162538965
15420,1.0,1.0,1.0,1.0
15431,1.0,1.0,1.0,1.0
15432,1.0,0.9976760659100851,1.0,1.0
15435,1.0,1.0,1.0,1.0
15436,1.0,1.0,1.0,1.0
15457,0.9902159473361292,0.9667503144497399,0.9902159473361292,0.9667503144497399
15459,1.0,0.9908840233447722,1.0,0.9908840233447722
15460,1.0,1.0,1.0,1.0
15462,0.9856845987395708,0.2200998477590135,0.9950811964758737,1.0
15482,0.4826187808260124,0.2872793111729618,1.0,1.0
15484,0.522407741076159,0.2933351172657027,1.0,1.0
15605,0.9860229787156506,0.98048716515243,0.9860229787156506,0.98048716515243
16468,1.0,0.3125915943202318,1.0,1.0
16469,1.0,0.3049761656502789,1.0,1.0
16495,0.9727340522477802,0.3594862349388378,0.930757103193498,0.8998502508183456
16497,0.9681054365345053,0.2641266322014365,1.0,1.0
18191,0.9994513797572905,0.3445235122804825,0.9992677523769292,0.9987936330116669
18392,0.9257379923713145,0.8792764617161868,0.9257379923713145,0.8792764617161868
18394,0.9907475301839976,1.0,0.9907475301839976,1.0
18743,1.0,1.0,1.0,1.0
18749,0.924770012493195,0.8489148692244113,0.924770012493195,0.8489148692244113
22206,0.9906700389538535,0.2608906765367239,1.0,1.0
22211,0.559289497170459,0.31331974284802655,1.0,1.0
22212,0.9951143329501312,0.2486452130938731,0.972454327613717,0.9454848352928265
22328,1.0,0.1994954453471553,1.0,1.0
22330,1.0,0.20705028789598118,1.0,1.0
22331,1.0,0.22072585722313523,1.0,1.0
22333,1.0,0.22977007392617274,0.9980949187095662,0.9976858607342429
22334,1.0,0.21785583528571895,0.9916992083565058,0.9620612892462818
22335,1.0,0.21081512707454172,1.0,1.0
22336,1.0,0.15002860843137014,1.0,1.0
22337,1.0,0.18175881148187858,1.0,1.0
22338,1.0,0.20196977694104765,1.0,1.0
22339,0.9994515554407074,0.20714846756203645,0.9862165158811562,0.945853262520823
22340,1.0,0.16428435029669236,0.9924415842999974,0.985634397867462
22341,1.0,0.18099737948510033,0.9613152594426632,0.9305060129429579
22342,0.993195569147039,0.15272330273320933,0.9497340602931469,0.9151624513098904
22381,0.8080711162027834,0.25720883845976095,1.0,1.0
22383,0.6791308066792762,0.3789071964111148,0.9988282142724704,0.9780992424611576
22386,0.6739305681839519,0.35134712186871864,1.0,1.0
22435,1.0,0.28170086202109207,1.0,0.9981217920334491
22437,1.0,0.23945228492912138,1.0,0.9828653480394913
22439,0.9993302527114741,0.2764801904058175,1.0,1.0
22483,0.9731887739603788,0.3472716165715645,0.9816245596966401,1.0
22485,0.9680782517841854,0.4515579701071393,0.8538668638375466,0.844275267637508
22486,0.9391399096178491,0.41058877087171275,0.8482680253866596,0.7942385574594084
22492,0.677385042894595,0.4504782080445363,0.9731429793961307,0.954743297719522
22728,1.0,0.16651679210073592,1.0,1.0
22730,1.0,0.1795641824600097,1.0,1.0
22740,0.9995475759714192,0.21233492777700483,1.0,1.0
22751,1.0,0.24508042810283717,1.0,1.0
22768,1.0,0.2450180018947422,1.0,1.0
22784,0.9986412188819499,0.246209442019988,1.0,1.0
22804,0.997925807233493,0.15103162705017756,1.0,1.0
22825,1.0,0.15887601408023366,1.0,1.0
22838,1.0,0.23486098007603567,1.0,1.0
22844,0.6337031089983518,0.4850492370613328,0.9491678113762012,0.94087144010064
22855,0.6416675320181939,0.44347204866977563,0.9991771457741002,0.9573924587774152
22866,0.6683472294943524,0.5738081140557361,0.9989599552201618,0.9616525177822699
22886,0.7507209184840825,0.5192287876617543,0.9796409597242856,0.959423576373887
22922,0.560269646921229,0.4582781669234445,0.9940975098300964,0.9613986247948917
22954,1.0,0.2683728082215834,0.797581397581998,0.7243276410153763
23079,0.9955881656979446,0.24336865668189034,1.0,1.0
23080,0.9942653639111018,0.17893810871161994,1.0,1.0
23087,0.9955069765638508,0.21122561909140633,1.0,1.0
23091,1.0,0.22837014957750654,1.0,0.9966400337417985
23093,0.9996989934582957,0.20076238840267266,1.0,1.0
23099,1.0,0.32027405993849417,0.9986366976493889,0.9965709830167248
23147,1.0,0.2519397984472569,0.9875107970678971,0.9628016942028622
23150,1.0,0.2057587233334646,0.9884099802689669,0.9664533398073195
23156,1.0,0.32053399440310076,0.9993418503989357,0.9990459717335973
23181,1.0,0.2716877735288055,1.0,1.0
23186,1.0,0.22343943577503722,1.0,1.0
23193,1.0,0.35616311089291797,1.0,1.0
23203,0.5222129162706065,0.3080366325777479,1.0,1.0
23213,0.5433495122830585,0.2964122529717217,1.0,1.0
23229,0.5043290752960343,0.23058858247400135,1.0,1.0
23246,0.4962417626382208,0.34476706062231727,1.0,1.0
23269,0.999761997503774,0.2242702306205402,1.0,1.0
23278,0.9992515667223371,0.29183278285530084,1.0,1.0
23317,0.5373137505053451,0.3820997809120647,1.0,1.0
23341,0.6006203457357898,0.3780778819021462,1.0,1.0
23344,1.0,0.1547440493333823,1.0,1.0
23383,0.9997290081365748,0.18969257573210335,1.0,1.0
23384,0.9997742095006152,0.20313373376386074,1.0,1.0
23395,0.9914667279626143,0.2073211853697461,1.0,1.0
23399,0.9988778172959927,0.21850731579353422,1.0,1.0
23409,0.9981207929998729,0.2313446517232563,1.0,1.0
23417,0.9997340024721296,0.21486626252349972,1.0,1.0
23435,1.0,0.13923002195909748,1.0,1.0
23444,0.9981517533276868,0.206265539772015,1.0,1.0
23448,1.0,0.2310255638342568,1.0,1.0
23451,1.0,0.233589805369576,0.9994949125580332,0.9991853386858043
23461,1.0,0.26642412907111085,1.0,1.0
23516,0.5264350759616141,0.32377707213264784,1.0,1.0
23517,0.4632136634375788,0.2622997278861613,1.0,1.0
23520,0.5577607372805997,0.30037300516461535,1.0,1.0
23522,0.5897475598594114,0.3462037227129266,1.0,1.0
23534,0.6281685874684777,0.4338060775203257,1.0,1.0
23536,0.6779398299335359,0.47471971144328223,1.0,1.0
23553,0.622580980128335,0.4845924354995253,1.0,1.0
23556,0.6513869029838372,0.5209628469589456,1.0,1.0
23562,0.976060705791161,0.33877960641407273,1.0,1.0
23566,0.9787721025469691,0.3762711977212488,1.0,1.0
23573,0.9051229533962389,0.3073546386319272,1.0,1.0
23585,0.9462129092330067,0.39772649706169316,1.0,1.0
23588,0.9591431632743083,0.2309803116801031,1.0,1.0
23592,0.6540059403538393,0.5166464241894945,0.9972400787879747,0.929863846188766
23593,0.6114484453843493,0.427338955243534,0.9489793619043823,0.9384498492335116
23594,0.6676273996209298,0.5079504274226904,0.9870777258803612,0.9503564164514785
23674,0.6829786276196977,0.28975799691104354,1.0,1.0
23676,0.6504578312354039,0.27057242134483134,1.0,1.0
23711,0.6539701107570486,0.5739307397537419,0.6539701107570486,0.5739307397537419
23712,0.7411251561992096,0.6841652074957849,0.7411251561992096,0.6841652074957849
23713,0.6411614698763096,0.4981963335477059,0.6411614698763096,0.4981963335477059
23714,0.7521334088233206,0.4363885352356955,0.9625198779095901,0.9107134207139389
23716,0.7928810029686814,0.39427835819174945,0.9795896621174021,0.9486447867463407
23717,0.7507815416280879,0.4346737627874051,0.933042626046724,0.8870201733275183
23718,0.6242192449012217,0.5138910240495895,1.0,1.0
23720,0.691154417103854,0.48257000440482445,1.0,1.0
23768,0.6094838903077173,0.39164542318493634,1.0,1.0
23769,0.7238801024754957,0.5031758031990459,1.0,1.0
23770,0.6539977314463258,0.4527645859838258,1.0,1.0
23797,0.9993512597083711,0.22791380571772457,0.8460934189610476,0.7142703120617135
23799,1.0,0.206288973255938,0.7998773660364699,0.7059799435210197
23865,0.602263800271611,0.4206645129246342,1.0,1.0
23871,0.594066437553981,0.42731664954642173,1.0,1.0
23887,0.5418358185972286,0.3670655232401906,1.0,1.0
23901,0.4641187028826682,0.25125435699301224,1.0,1.0
24031,0.8629619601659781,0.8027459586439399,0.8629619601659781,0.8027459586439399
24033,0.8710145577138234,0.7818703995047689,0.8710145577138234,0.7818703995047689
24042,0.7375287444047433,0.6053390504827363,0.7375287444047433,0.6053390504827363
24062,0.491875206281007,0.2759327270351645,1.0,1.0
24083,0.8145098202937109,0.6706248730297013,0.8145098202937109,0.6706248730297013
24097,0.8564602201171807,0.7422766905543422,0.8564602201171807,0.7422766905543422
24114,0.8640113739867696,0.7310096595684639,0.8640113739867696,0.7310096595684639
24131,0.9100811721108383,0.8316966602050148,0.9100811721108383,0.8316966602050148
24140,0.7221522138418327,0.5354061156993716,0.7221522138418327,0.5354061156993716
24143,0.7385336086454773,0.5142953906352876,0.7385336086454773,0.5142953906352876
24145,0.7180939942943505,0.4885663950703602,0.7180939942943505,0.4885663950703602
24153,0.7687832363400927,0.5495067821892772,0.7687832363400927,0.5495067821892772
24154,0.7571202680994389,0.6034163904201569,0.7571202680994389,0.6034163904201569
24155,0.7837753251463151,0.6299508799249371,0.7837753251463151,0.6299508799249371
24173,0.7663491361366706,0.6319118863654777,0.7663491361366706,0.6319118863654777
24175,0.7778733573221217,0.639377924206627,0.7778733573221217,0.639377924206627
24177,0.7482460264776761,0.5692824593116548,0.7482460264776761,0.5692824593116548
24199,1.0,1.0,1.0,1.0
24202,1.0,1.0,1.0,1.0
24204,1.0,1.0,1.0,1.0
24206,1.0,1.0,1.0,1.0
24227,0.7288713154907451,0.5749346965940831,1.0,1.0
24240,0.6615746272366491,0.47937406404300625,1.0,1.0
24242,0.6106837746830187,0.3988331283302596,1.0,1.0
24263,1.0,0.241335663570859,1.0,1.0
24264,1.0,0.21470391018691623,1.0,1.0
24288,1.0,0.23833385263070456,1.0,1.0
24292,1.0,0.24336420305946133,1.0,1.0
24301,0.7116545455866344,0.5473644489595257,0.7116545455866344,0.5473644489595257
24303,0.6605228356672317,0.5228325379001726,0.6605228356672317,0.5228325379001726
24313,0.9380286590226354,0.8505142479740366,0.9380286590226354,0.8505142479740366
24332,1.0,0.2403088825104136,0.9818540355894134,0.9664161373639165
24334,1.0,0.26549656949388684,0.9767938608227525,0.9636065747769922
24336,1.0,0.18567487423381926,0.975555255571721,0.9369142259122053
24352,0.4655768815264786,0.2625455064222082,1.0,0.9983802816281518
24363,0.8799021406806479,0.2277072924204258,0.9702098614613057,0.9298093542726331
24364,1.0,0.2128705549552836,0.9897812831859951,0.9157900256973679
24365,0.977600176124318,0.34096924802083506,1.0,1.0
24369,0.9450638357936842,0.89583245705341,0.9450638357936842,0.89583245705341
24386,0.5918557227299925,0.4005712170471419,1.0,1.0
24395,0.6461777354054703,0.4912536356211336,1.0,1.0
24413,0.7324550000723692,0.6304809505213842,1.0,1.0
24452,1.0,0.20147954267335497,1.0,1.0
24466,0.6532348677109139,0.5375846699922898,0.997385924331421,0.9620272682831008
24468,0.592214036748337,0.44704346926044414,0.9542570945251505,0.9605669319734568
24471,0.7499763052592759,0.5695890581054949,0.9856653029647766,0.9697583406506334
24472,0.501815526365736,0.2550054765889069,1.0,1.0
24476,0.5092451006633181,0.2673818509628361,1.0,1.0
24501,1.0,0.15721200587417095,1.0,1.0
24503,1.0,0.20034398342320217,1.0,1.0
24504,1.0,0.1678921733270382,1.0,1.0
24505,0.7654919779212116,0.6032508103516281,1.0,1.0
24511,0.9980129658056464,0.22998762240998066,1.0,0.9979095761685459
24514,1.0,0.2226446562324294,1.0,1.0
24542,1.0,0.25368956612638377,1.0,1.0
24549,1.0,0.1243449067417948,1.0,1.0
24561,0.999619807764183,0.23716671101796588,1.0,1.0
24564,1.0,0.18938832369511946,1.0,1.0
24635,0.7018630123295911,0.5408948163335304,0.9973685708102984,0.9939527265063918
24654,1.0,0.1941404360111653,1.0,1.0
24679,0.6990554566203172,0.5151909791382726,0.8102092419151514,0.8184590823486351
24694,0.6938821713969134,0.30527640682345725,0.9539349868095544,0.8990558886847184
24696,0.7951138981761996,0.5720556111829199,0.9702611917685102,0.9459825088198791
24770,1.0,0.9773267522592761,1.0,0.9773267522592761
24794,0.9921776696440878,1.0,0.9921776696440878,1.0
24812,0.9993618961907813,1.0,0.9993618961907813,1.0
24836,1.0,0.9970630274110541,1.0,0.9970630274110541
24868,0.8084851359025971,0.7011812698412698,0.8084851359025971,0.7011812698412698
24869,1.0,1.0,1.0,1.0
24890,1.0,1.0,1.0,1.0
24893,1.0,1.0,1.0,1.0
24919,1.0,1.0,1.0,1.0
24921,1.0,1.0,1.0,1.0
24927,1.0,1.0,1.0,1.0
24966,1.0,1.0,1.0,1.0
24992,0.996316922718447,0.17686018398780654,0.9982760815213786,0.9970764947443769
25000,0.9967659615529078,0.42744672969873254,1.0,1.0
25010,0.9957497273526995,0.23960098641747596,1.0,1.0
25039,0.990358968770954,0.214274322779322,0.9994952443399601,1.0
25048,0.9972179202209245,0.30503303281128014,1.0,1.0
25070,0.9986078418756922,0.18101607104460465,0.9982290285125204,1.0
25071,0.9993950215378666,0.1699488999732842,1.0,1.0
25095,0.9975538977816525,0.16572027205633183,0.9975279104234813,1.0
25103,1.0,0.1776637707370506,1.0,1.0
25104,1.0,0.2088720738859046,1.0,1.0
25105,1.0,0.19925877012252471,1.0,1.0
25168,1.0,0.24161610413622653,1.0,1.0
25184,0.595274194243444,0.4074662904995166,1.0,1.0
25194,0.5184107431821952,0.30843135808070404,1.0,1.0
25208,0.5859178215919407,0.34409135089028586,1.0,1.0
25218,0.46443639841018663,0.2464433542419226,1.0,1.0
25232,1.0,0.1713402033507305,1.0,1.0
25233,1.0,0.17440833763472913,1.0,1.0
25274,1.0,0.2067780405365211,1.0,1.0
25276,1.0,0.17754157553675293,1.0,1.0
25293,1.0,0.17392181621506908,1.0,1.0
25296,1.0,0.19963805727782213,1.0,1.0
25307,0.4550793533742242,0.2377613984361291,1.0,1.0
25320,0.613603093164548,0.3718846118919227,1.0,1.0
25332,1.0,0.24218146308983707,1.0,1.0
25344,1.0,0.20490198738437154,0.9700060356659103,0.97906359323674
25354,1.0,0.11940659187697052,1.0,0.9990983952578362
25367,1.0,0.20526280082310733,0.9563758729693527,0.939414496368171
25377,0.9995133404595286,0.1684262686191854,0.9965079984827534,0.9666955674885506
25378,0.9977883792327035,0.31276314703381547,0.9975699738139049,1.0
25383,0.9938852933144902,0.2162574646089748,1.0,1.0
25395,0.9987594047432135,0.2453628946156141,1.0,1.0
25399,0.9968927748932077,0.2262293507716095,1.0,1.0
25436,0.6242828113775607,0.37603273917617847,0.9872822659646329,0.9688384229919674
25438,0.6168571554778564,0.43967766954255944,0.9902120461495787,0.9569228432079642
25453,0.595300268231849,0.4459381153758946,0.9752333368218882,0.9580183514724189
25458,0.6669766641548283,0.5247042004487328,1.0,0.9668291086841689
25473,0.6311385818265846,0.4362244945306977,0.9322158914562453,0.8957212395074443
25475,0.5494235971757446,0.4354977302573306,0.9453234827212416,0.8851673980554751
25478,0.535549495645452,0.31189503361533805,0.97511757555841,0.9646887066187558
25485,0.639887288794786,0.4621587908132134,0.9639937209602432,0.8924996256205319
25487,0.5810085021046175,0.41231148623051955,0.9514060953368967,0.8719215428352569
25494,0.4846535861411423,0.3949911377919016,0.9820257092652238,0.9332050944574855
25538,1.0,0.19172640720743742,1.0,0.9968625022118206
25585,0.6836451135671662,0.5562345912640534,0.9943204620281773,0.994048127444717
25604,0.6955328622487035,0.49509929877638503,0.717678180124381,0.6311421841356798
25605,0.6420856301888033,0.46793644070283974,0.6695827007544389,0.5502047234138274
25607,0.641196841620832,0.36924439505134465,0.7492812433822302,0.5772701825354689
25672,0.5544127115414929,0.42651970297361697,1.0,1.0
25673,0.5367683186179271,0.4484844362865615,0.9935757785746498,0.9658806173895089
25676,0.6581661416396726,0.503685908749854,1.0,1.0
25677,0.5095820888258398,0.3585654032217463,0.9968433461888111,0.9941502073803883
25711,0.4460348630222458,0.19475627395393522,1.0,1.0
25715,0.32718096259702567,0.153564964138846,1.0,1.0
25734,0.4576047478914233,0.2216301918352329,1.0,1.0
25735,0.365692887256988,0.1572881402676689,1.0,1.0
25739,1.0,0.21489976286344678,1.0,1.0
25740,0.9986166784824493,0.21605208777783885,1.0,1.0
25741,1.0,0.17215483457862749,1.0,1.0
25749,0.9997058467776302,0.23520171169925813,1.0,1.0
25752,0.9957347045441959,0.17159108098121095,1.0,1.0
25754,1.0,0.1667584807231744,1.0,1.0
25755,1.0,0.2412419790837772,1.0,1.0
25769,0.998388562062951,0.23610174309552134,1.0,1.0
25771,0.9986166784824493,0.21605208777783885,1.0,1.0
25773,1.0,0.2578817590644446,1.0,1.0
25775,1.0,0.20432509818038633,1.0,1.0
25801,0.9981260293130338,0.16942865572054916,1.0,1.0
25803,1.0,0.17500427649324354,1.0,1.0
25806,0.9962284570304739,0.16329121693166604,1.0,1.0
25809,1.0,0.2398310452276474,1.0,1.0
25812,0.7451048638866146,0.5734925877887138,0.9987269849284451,0.998315495727747
25826,0.548849596154776,0.3803280307624707,0.9975469192479756,0.9954600153445486
25838,0.6272440938743998,0.45597852878182965,1.0,1.0
25839,0.5388167567085129,0.4256509887474728,1.0,1.0
25859,0.6015262160528192,0.46839619528057436,1.0,0.9980793634116797
25887,0.6044684985185135,0.45685105306887497,1.0,1.0
25891,0.6587774105016313,0.47746749542687755,1.0,1.0
25897,0.5918514727537624,0.4731210588878082,1.0,1.0
25898,0.5983216724500653,0.2896693661228983,0.9709684972514482,0.9141338111550685
25902,0.6783560330906937,0.5371450807995695,0.9742773095926747,0.9389051519051933
25903,0.5917183276321981,0.44164715121290193,0.9850320352517277,0.9538206595266496
25904,0.7118844069836062,0.5073964147044157,0.9742451893893302,0.9504948666464014
25908,0.6064992016738007,0.48373436107486134,0.9478117731269333,0.884302145631705
25913,0.9288365623985224,0.2158374401245542,0.9100046538694716,0.8233485766013129
25918,0.9939456587369183,0.2379219110179153,1.0,1.0
25919,0.9785789807154224,0.2441226057774643,1.0,1.0
25922,0.9969098123860912,0.17088258284036198,1.0,1.0
25945,0.9989573280247767,0.17034336749681772,1.0,1.0
25947,0.9651748694183331,0.17095524613295707,1.0,1.0
25959,0.9713095982224877,0.2219428518468176,1.0,1.0
25961,0.8725614860767896,0.1520487297844222,1.0,1.0
25997,1.0,0.1580108706405019,0.9384306903399413,0.91327020316515
26002,0.9993364576563863,0.16435932207429385,0.9609943498778628,0.925310964448793
26024,0.9989704129368976,0.27729428200077977,0.9826108187278114,0.9687425229502244
26026,0.9937193698394379,0.2209154138861354,0.9839699007982772,0.9753321446416197
26028,0.9959006598668277,0.2413987689615173,0.9991877709068072,0.9976850486662392
26042,0.6214822995025703,0.36384175775818145,1.0,1.0
26045,0.6018816204277699,0.32770375673311375,1.0,1.0
26047,0.6097296933087357,0.2865604659078354,1.0,1.0
26048,0.6329907560764217,0.2964270613114396,1.0,1.0
26049,0.6083296889391097,0.25927205599464037,1.0,1.0
26050,0.5686193316359712,0.34874434642366103,0.9992672235911317,1.0
26062,0.7620351134368905,0.5840857527070787,0.9913904194532169,0.9703461504011205
26065,0.7332027051550215,0.5415122429034347,1.0,0.9405947494986518
26069,0.7021487568271472,0.4975243726851087,0.9847689307668815,1.0
26074,0.750913767452413,0.5754991616748409,0.9933077917998359,0.9531062818012398
26079,0.7284658012656962,0.5542364422965775,0.9907054551710507,0.9483575870013671
26089,1.0,0.21364501760548546,0.9379541204995487,0.9930587506936579
26092,1.0,0.247154879600693,0.9260899855765832,0.9663004760768171
26118,0.9613479668320676,0.3330601338444241,1.0,1.0
26154,0.5402416348471765,0.3073520088456537,1.0,0.9353915126982392
26157,0.5107579912092914,0.3602398597258943,1.0,1.0
26166,0.5399379937162554,0.34138655786819805,1.0,1.0
26168,0.5554565590421818,0.34380610996705674,1.0,1.0
26170,1.0,0.22130054778153893,1.0,1.0
26175,1.0,0.21435290280337718,1.0,1.0
26184,1.0,0.19846934821780404,1.0,1.0
26198,1.0,0.2744868193206034,1.0,1.0
26209,1.0,0.223130309506553,1.0,1.0
26283,0.9579671448464098,0.9381244114707515,0.9579671448464098,0.9381244114707515
26465,0.8668582950417117,0.8143051773035054,0.8668582950417117,0.8143051773035054
26471,0.929499135358423,0.8546350781846593,0.929499135358423,0.8546350781846593
26503,0.9233995080863667,0.856670836192292,0.9233995080863667,0.856670836192292
26505,0.909814863757986,0.8338021027776976,0.909814863757986,0.8338021027776976
26521,0.9638895259450813,0.29637335034410817,0.9054901236626373,0.8624838786380455
26593,1.0,0.22696318559218928,1.0,1.0
26600,1.0,0.2114737573036378,1.0,1.0
26601,0.9966130273941338,0.18648072474846586,1.0,1.0
26636,1.0,0.29288375359091157,1.0,1.0
26637,0.9980427544092507,0.2293925310470469,1.0,1.0
26653,1.0,0.29768765792560187,1.0,1.0
26668,0.9985902266593542,0.2596454528360431,1.0,1.0
26693,1.0,0.2984688200381703,0.9985177315373476,0.9978959021195951
26718,0.4527569274063485,0.23414642850908296,0.9988444027524188,0.9981336431334209
26721,0.48020093831616256,0.18674034071346057,0.9988596715645567,0.9984734211522706
26740,0.43823615950975797,0.32745295900715315,1.0,1.0
26741,0.5242343477302077,0.26487775483421383,1.0,1.0
26768,0.9987090253773623,0.3314731108137868,0.8371929569895595,0.7492345269256664
26770,0.9997367251980767,0.3252271345683752,0.91555351622497,0.7605152273503443
26790,0.9997009174575333,0.24029251917510835,0.9546093308126669,0.9314598917328684
26793,1.0,0.22461598650669426,0.9355474084774494,0.8996495166007767
26798,1.0,0.23974729950938828,0.9923679282781747,0.983851121613256
26800,1.0,0.20907131337351278,0.9122428051580462,0.8746551350194282
26837,1.0,0.243560532392778,1.0,1.0
26838,0.9995883286845609,0.26615140305608315,1.0,1.0
26844,1.0,0.2507998284848816,1.0,1.0
26846,0.9996490959133587,0.2666619284486512,1.0,1.0
26848,0.9995647239584381,0.20126726929786157,1.0,1.0
26849,0.9996262615075323,0.26416548924362176,1.0,1.0
26857,1.0,0.27566562018595847,1.0,1.0
26858,0.9988573675046359,0.3057883614370946,1.0,1.0
26870,1.0,0.276568800088447,1.0,1.0
26873,1.0,0.2422532975940365,1.0,1.0
26880,1.0,0.24960432559206477,1.0,1.0
26882,1.0,0.3103045609735365,1.0,1.0
26892,0.9991232953193253,0.2702662602630907,1.0,1.0
26907,1.0,0.31611915992141093,1.0,1.0
26908,1.0,0.2698524810489454,1.0,1.0
26939,0.4051573730147966,0.3367900328716874,1.0,1.0
26974,0.7257534277050106,0.510372072742395,1.0,1.0
26976,0.7333693030459362,0.5490876136221579,1.0,1.0
26997,0.7260711386607065,0.5268984872116216,1.0,1.0
27001,0.6586245652115735,0.47030031092078795,1.0,1.0
27003,0.6800549040536329,0.39841466775714207,1.0,1.0
27017,0.7355592835150588,0.5635956878025437,1.0,1.0
27022,0.7110961589718228,0.4713689317881135,1.0,1.0
27025,0.7410070900423033,0.5208024467684297,1.0,1.0
27031,0.7004435007551818,0.5425520141798121,0.7004435007551818,0.5425520141798121
27033,0.861180965299395,0.67906816235714,0.861180965299395,0.67906816235714
27054,0.8499708124544826,0.7635506337619875,0.8499708124544826,0.7635506337619875
27055,0.794857589770032,0.6764696190807625,0.794857589770032,0.6764696190807625
27057,0.8452537182963471,0.6808318917767106,0.8452537182963471,0.6808318917767106
27061,0.9446076439087783,0.9157242070529406,0.9446076439087783,0.9157242070529406
27079,0.7891634535987684,0.6336428580620416,0.7891634535987684,0.6336428580620416
27080,0.8432537077777157,0.6916086465356862,0.8432537077777157,0.6916086465356862
27083,0.8775942444937863,0.7888192875738397,0.8775942444937863,0.7888192875738397
27086,0.8480088359041492,0.767438096137681,0.8480088359041492,0.767438096137681
27094,0.9970367629325301,0.2963410667414213,1.0,1.0
27096,0.9956878907284052,0.314841897682758,1.0,1.0
27104,0.9985492967056354,0.322957298531376,1.0,1.0
27110,0.9997528624779008,0.3576811846659709,1.0,1.0
27128,0.996832176421654,0.3958065627171636,1.0,1.0
27130,0.9889750196270518,0.33743486656933924,1.0,1.0
27594,0.5235702623937403,0.3891166858540035,1.0,1.0
27633,0.5131642350795164,0.3523344144957092,1.0,1.0
27635,0.4988716665347742,0.25773161214867135,1.0,1.0
27680,0.5121133643252997,0.34045087215111386,1.0,1.0
27740,0.5257289936529935,0.3412228257855476,1.0,1.0
28082,1.0,0.1811810395568124,1.0,1.0
28087,1.0,0.22226620059141014,1.0,1.0
28089,1.0,0.1351802259401335,1.0,1.0
28107,0.4359066426214183,0.1805075820867189,1.0,1.0
28109,0.3453588990978573,0.1559778594829197,1.0,1.0
28140,1.0,1.0,1.0,1.0
28216,1.0,0.9958059816970709,1.0,0.9958059816970709
28220,1.0,1.0,1.0,1.0
28393,1.0,1.0,1.0,1.0
28412,0.9736775532929364,1.0,0.9736775532929364,1.0
28422,1.0,1.0,1.0,1.0
28443,1.0,1.0,1.0,1.0
28450,1.0,1.0,1.0,1.0
28461,1.0,1.0,1.0,1.0
28484,1.0,0.9959094299670349,1.0,0.9959094299670349
28494,0.9877570833231833,0.981529799321885,0.9877570833231833,0.981529799321885
28507,1.0,1.0,1.0,1.0
28530,0.9699249861149855,0.8616787084450369,0.9699249861149855,0.8616787084450369
28534,1.0,1.0,1.0,1.0
28553,1.0,0.986851786905217,1.0,0.986851786905217
28554,0.9907886521908225,0.9575102401124248,0.9907886521908225,0.9575102401124248
28577,0.9976322948925587,0.9961258155109094,0.9976322948925587,0.9961258155109094
28611,0.6201126225059359,0.4410166137440081,1.0,1.0
28612,0.6281441724349068,0.48447509361002733,1.0,1.0
28624,0.5540620657934301,0.34832873656307,1.0,1.0
28631,0.468223708777443,0.3238252385064632,1.0,1.0
28639,0.5528110194441417,0.40254892369327455,1.0,1.0
28642,0.616305916913866,0.44213210847444934,1.0,1.0
28660,0.49057744116383084,0.33158073878563965,1.0,1.0
28662,0.5023657920862479,0.35343392494390996,1.0,1.0
28669,0.5010292766723009,0.3014136539413843,1.0,1.0
28672,0.4443363526837002,0.2804526987443114,1.0,1.0
28685,0.5015876171458032,0.35954662022654654,1.0,1.0
28688,0.5281129076265179,0.3444393697757029,1.0,1.0
28701,0.5115965214623363,0.3704288428600877,1.0,1.0
28704,0.5262800945588056,0.40111364705542724,1.0,1.0
28719,0.5367366923985889,0.3514475195671409,1.0,1.0
28722,0.49061594679685366,0.3020295125444495,1.0,1.0
28731,0.48425944254380565,0.3626265783845698,1.0,1.0
28739,0.47581450735795267,0.2639309408331711,1.0,1.0
28749,0.5534686394693319,0.3631520022457449,1.0,1.0
28751,0.5051131935162374,0.35384014371605726,1.0,1.0
28764,0.5022829493245414,0.3622104531769339,1.0,1.0
28768,0.44841438855201415,0.27449100403883525,1.0,1.0
28802,0.48942912705126035,0.3041787218251899,1.0,1.0
28804,0.5145216142270749,0.2919764136915671,1.0,1.0
28814,0.5317980404902959,0.31782637763580224,1.0,1.0
28817,0.48600069190697154,0.3078204818809764,1.0,1.0
28820,1.0,1.0,1.0,1.0
28822,1.0,1.0,1.0,1.0
28847,0.9987726286432334,1.0,0.9987726286432334,1.0
28853,0.9695644127881143,0.9411111890896768,0.9695644127881143,0.9411111890896768
28867,1.0,1.0,1.0,1.0
28873,1.0,1.0,1.0,1.0
28884,1.0,1.0,1.0,1.0
28892,0.9730865055526696,0.9547332011353898,0.9730865055526696,0.9547332011353898
28910,1.0,1.0,1.0,1.0
28911,0.978090478609997,0.95657321483607,0.978090478609997,0.95657321483607
28935,0.885364877348163,0.806432603679126,0.885364877348163,0.806432603679126
28937,1.0,0.9908735346705811,1.0,0.9908735346705811
28949,1.0,0.27734514486876216,1.0,1.0
28953,0.9983731417529176,0.3107260974784499,1.0,1.0
28955,1.0,0.2742146435488457,1.0,1.0
28975,1.0,0.30214803291668213,1.0,1.0
28978,1.0,0.26951455974020605,1.0,1.0
28987,1.0,0.2574939130183509,1.0,1.0
29010,1.0,0.23211476641853557,1.0,1.0
29013,1.0,0.2203182580964752,1.0,1.0
29034,0.9992739744481306,0.2680029802133839,1.0,1.0
29045,1.0,0.17281091756291322,1.0,1.0
29068,0.4584023115271663,0.31582350255629765,1.0,1.0
29073,0.3733585851668939,0.2319281055041662,1.0,1.0
29076,0.4511206289432531,0.26607215221080155,1.0,1.0
29084,0.48777713451554555,0.25488232701840774,1.0,1.0
29086,0.5156808947657863,0.29037358803834173,1.0,1.0
29090,0.4043321664285513,0.26839465855999795,1.0,1.0
29105,0.42218416862987,0.18709528049053922,1.0,1.0
29107,0.31402447806021416,0.23173951475953908,1.0,1.0
29109,0.33355485816093267,0.27339621695306443,1.0,1.0
29120,0.3250040629634821,0.2009227098567315,1.0,1.0
29123,0.3911935673513105,0.18183979777585577,1.0,1.0
29126,0.3380973282393952,0.21227490534728244,1.0,1.0
29132,0.41256118862347313,0.2863437351868285,1.0,1.0
29135,0.40845206350227004,0.20233648618586364,1.0,1.0
29137,0.52580765890132,0.23805970895169085,1.0,1.0
29156,0.4528723223847774,0.32851315606195075,1.0,1.0
29158,0.422566618930216,0.3139059409958235,1.0,1.0
29159,0.3420742413696788,0.26240738241785966,1.0,1.0
29179,0.4359687817908116,0.17703341335930797,1.0,1.0
29182,0.48284589115598747,0.31772767723779105,1.0,1.0
29184,0.48621762234670834,0.26442369887265604,1.0,1.0
29192,0.48064056744463624,0.18317223939341848,1.0,1.0
29196,0.33442989730604955,0.2443923732873944,1.0,1.0
29206,0.4959333661207253,0.2616131980670699,1.0,1.0
29211,0.3623953946803173,0.2676364133037297,1.0,1.0
29216,0.4383964269107536,0.200293189119298,1.0,1.0
29219,0.31037306269627407,0.23575768400682176,1.0,1.0
29230,0.462647623273308,0.2270610138963317,1.0,0.9988024609585644
29231,0.46485838592523093,0.2460688783058034,1.0,1.0
29235,0.3275484292960929,0.26821671724887136,1.0,1.0
29254,0.45552764725631956,0.2698579849466757,1.0,1.0
29255,0.4459617282799789,0.1721380955694377,1.0,1.0
29257,0.42546671929173135,0.18758079733061,1.0,1.0
29262,0.44373385346796046,0.33453597786655676,1.0,1.0
29270,0.49252136766586024,0.2954267253479468,1.0,1.0
29284,0.37538103587552757,0.2702725799683459,1.0,1.0
29291,1.0,0.23225476354879446,1.0,1.0
29292,1.0,0.2317635110052807,1.0,1.0
29300,0.44395105129060314,0.2766562324541387,1.0,1.0
29311,0.9997710849173562,0.2581323907759989,0.9990729324307247,0.9968384541333436
29314,1.0,0.23601717692753865,1.0,1.0
29321,0.3629563398933631,0.25702806282770724,1.0,1.0
29336,0.9942685478649166,0.21068784320229,1.0,1.0
29338,1.0,0.27337717132537964,1.0,1.0
29341,0.9996991914372236,0.21007044798447044,1.0,1.0
29342,0.9996905224508681,0.22069724179424774,1.0,1.0
29355,1.0,0.28416634208011365,1.0,1.0
29356,1.0,0.2456311502751437,1.0,1.0
29378,1.0,0.18603877746298328,1.0,1.0
29380,1.0,0.24403772041718746,1.0,1.0
29387,0.4113392020330559,0.25244922780598555,1.0,1.0
29399,0.39702476870198117,0.2709451784592178,1.0,1.0
29421,0.4563556171430311,0.293857477276286,1.0,1.0
29424,1.0,0.24455386890968203,1.0,1.0
29425,1.0,0.2528166166726812,1.0,1.0
29426,1.0,0.25791241187176567,1.0,1.0
29443,1.0,0.20968528074698997,1.0,1.0
29444,1.0,0.3173719903585998,1.0,1.0
29445,1.0,0.20964832747256548,1.0,1.0
29449,1.0,0.26391978292877577,1.0,1.0
29452,1.0,0.24230512850672148,1.0,1.0
29458,1.0,0.24714815585218772,1.0,1.0
29463,1.0,0.2825659097538098,1.0,1.0
29469,1.0,0.25614186310577636,1.0,1.0
29471,1.0,0.17612813379629097,1.0,1.0
29474,1.0,0.24938527908726,1.0,1.0
29476,1.0,0.23709223810382354,1.0,1.0
29478,1.0,0.28313224743640697,1.0,1.0
29507,1.0,0.25019807257961235,1.0,1.0
29508,1.0,0.2377182760792233,1.0,1.0
29509,1.0,0.21045021913754475,1.0,1.0
29525,1.0,0.2645238157705596,1.0,1.0
29527,1.0,0.30305139965786276,1.0,1.0
29529,1.0,0.2346009069977525,1.0,1.0
29545,1.0,0.2465440756880632,1.0,1.0
29547,1.0,0.19933447252502715,1.0,1.0
29561,1.0,0.23224888964781995,1.0,1.0
29562,1.0,0.19357761233676235,1.0,1.0
29576,1.0,0.23458031264887833,1.0,1.0
29648,0.43748113880302286,0.2704806799827092,1.0,1.0
29660,1.0,0.2647482276104412,1.0,1.0
29661,0.9993616462102127,0.25997736483449707,1.0,1.0
29662,0.994190888854574,0.21855893849008493,1.0,1.0
29667,0.9908871297761531,0.2299279846634036,1.0,1.0
29669,0.9915315624769452,0.31824338083166587,1.0,1.0
29674,0.9994889186926035,0.22528401043689325,1.0,1.0
29676,0.9983852217513418,0.22306434962386446,1.0,1.0
29681,0.9966250249940417,0.2366044836970135,1.0,1.0
29682,0.9952377684387282,0.22560956102123345,1.0,1.0
29683,0.9811429759140862,0.2422841623670199,1.0,1.0
29686,0.564467480468972,0.30112465152268164,1.0,1.0
29691,0.5153536802994035,0.2897374489650691,1.0,1.0
29705,0.4909342874126728,0.2682571721571384,1.0,1.0
29715,0.9990192596148889,0.2251810521256815,1.0,1.0
29719,0.9952064390340781,0.2661854585015793,1.0,1.0
29722,0.9979758317738019,0.2576457440033565,1.0,1.0
29723,0.998819257642059,0.21848645743145875,1.0,1.0
29729,0.9759515757116305,0.22714003733151242,1.0,1.0
29730,0.992434352887612,0.2594495012506499,1.0,1.0
29740,1.0,0.3039616482664542,1.0,1.0
29741,0.9960372144971628,0.28864791280164964,1.0,1.0
29743,0.9995149272432583,0.32443257628138084,1.0,1.0
29744,0.999046770979222,0.19969707260507638,1.0,1.0
29745,1.0,0.2492713833425305,1.0,1.0
29746,0.9975767749523615,0.2660498775336279,1.0,0.9986366412962038
29747,0.9971584933275557,0.2624987124413841,1.0,1.0
29748,0.9968894605350042,0.3035089390925268,0.9875455712832887,0.9826813944075694
29749,0.9966113999500307,0.29950594587129215,1.0,1.0
29750,0.9951164714569534,0.3140382801742041,1.0,1.0
29752,1.0,0.3085420714474795,1.0,1.0
29753,0.9993355584256872,0.2879563710242406,1.0,1.0
29754,0.9945225516792466,0.2538356269960659,1.0,1.0
29755,0.9983458979881299,0.33786841017961244,1.0,1.0
29758,1.0,0.29167696019826417,1.0,1.0
29762,1.0,0.279921262619281,1.0,1.0
29763,0.9996729759785488,0.2531039452547427,1.0,1.0
29764,0.9988603883131992,0.3321666166730109,1.0,1.0
29765,0.99818311996412,0.25358989908280594,1.0,1.0
29767,0.9974681016122229,0.34656972969247374,1.0,1.0
29769,0.9884386907611916,0.24004375388487667,1.0,1.0
29770,0.9935773858287068,0.24458763444086243,1.0,1.0
29771,0.9991191867590569,0.22136810792193995,1.0,1.0
29772,0.9987186709147188,0.2602061575695314,1.0,1.0
29773,1.0,0.23766245451847007,1.0,1.0
29774,0.9974726480348783,0.17162198718402327,1.0,1.0
29775,0.9984389717881501,0.2500815194646821,1.0,1.0
29776,0.9990065210525735,0.28240023887380084,1.0,1.0
29777,0.9975280496670295,0.345111890427871,1.0,1.0
29778,1.0,0.30223291308014505,0.9977219004293975,1.0
29779,0.994968063937616,0.25731561064578345,1.0,1.0
29786,0.9986146895297959,0.2523479090583143,1.0,1.0
29787,1.0,0.31100463860169875,1.0,1.0
29788,0.9964267708438962,0.3162273921016116,1.0,1.0
29793,0.7845537249887822,0.6366311421527383,1.0,1.0
29794,0.892705691096554,0.7904789880180837,0.9971829162533903,1.0
29804,0.6231913280648761,0.4271075041244259,0.9933226505866773,1.0
29805,0.5627975207607201,0.3468344933203428,0.9984882406877821,0.9978402117547539
29807,0.564467339326434,0.3456969326061598,1.0,1.0
29808,0.5561909379818588,0.29734927639217806,1.0,1.0
29810,0.6663247525853407,0.4853096641180183,1.0,1.0
29812,0.7204753015965495,0.47551480877045155,0.9985657285654506,0.9934390860280911
29814,0.7234622687100429,0.47473206730149353,1.0,1.0
29816,0.6758561997801682,0.45130376073906653,1.0,1.0
29817,0.6500976202113563,0.43438038777426363,1.0,1.0
29820,0.5450957133601069,0.31864836139237707,1.0,1.0
29821,0.6212855091309868,0.38477715075581304,1.0,1.0
29822,0.619546659279962,0.3760227531841667,0.9985074870911963,0.9908516522560816
29851,1.0,,1.0,1.0
29852,0.9230173567296577,0.7911718980593415,1.0,1.0
29854,1.0,,0.9873185185743277,0.9732829539371317
29855,0.7896924494023615,0.6584316378079574,1.0,1.0
29857,0.9919158101835569,0.9833333333333334,0.9933569696134918,0.9596956595148534
29859,0.8338776451839721,0.6784514870950592,0.999228855904057,1.0
30373,0.44506498947313683,0.2266382413407275,1.0,1.0
30405,1.0,0.30215195871204104,1.0,1.0
30453,0.8614034681347622,0.2806389575717703,1.0,1.0
30475,1.0,0.27546357864462834,1.0,1.0
30507,0.7085415652023297,0.526870349911376,0.9957778402705207,1.0
30510,0.8146028545978643,0.6254745716511324,0.9859616994254581,0.7852432393562399
30602,0.9319103224433383,0.8464082032103152,0.9319103224433383,0.8700459938154048
30665,0.6807856170511105,0.45452163368871284,1.0,1.0
39092,0.9998096146026303,0.23116455365510027,1.0,1.0
39119,0.8894052887884604,0.3029523225933159,0.9156136260290109,0.7831553533260973
39120,0.8690493480209116,0.4298930897906448,0.8960814483442652,0.7897026309824301
39146,0.7374916749980855,0.43490623457367805,0.931024188764903,0.8388852813106545
39147,0.6106299856016509,0.4176484401068399,0.9196315041446798,0.8629912940279905
39157,0.7645057379383342,0.6723210840434202,0.9973908137694277,0.9909097448409052
39162,0.5098246060173046,0.3700726195658565,0.9717991482842685,0.9610244092781101
39186,0.9028617447308401,0.28049027762675705,0.6031746380062252,0.4329746772130886
39204,0.615602513466284,0.460186609310844,1.0,1.0
39307,1.0,1.0,1.0,1.0
39310,1.0,1.0,1.0,1.0
39330,0.9219966441813383,0.9979836395821201,0.9219966441813383,0.9979836395821201
39334,0.828922219835031,0.7067569121584991,0.828922219835031,0.7067569121584991
39337,1.0,0.16272774246212807,1.0,1.0
39340,0.9962853962603838,0.25638462980392973,0.994893218889973,0.9960516263959808
39527,0.6077439849543815,0.4943048957663985,0.905714130069196,0.8302270065650605
39549,0.6967167801010657,0.4699813655577635,0.9316740698929388,0.8880123062051434
39621,1.0,0.21687096565702776,1.0,1.0
39659,1.0,0.23573176972303325,1.0,1.0
39929,0.8136472198274053,0.5674654071151721,1.0,1.0
39940,0.6845595031187405,0.4296371028085913,1.0,1.0
40078,0.3683721651469743,0.27922777229750906,1.0,1.0
40141,0.3666979171373045,0.24455344784819452,1.0,1.0
40326,1.0,0.15527414965471653,1.0,1.0
40334,0.9993697380817356,0.2739104413572651,1.0,1.0
40346,1.0,0.20971035303046126,1.0,1.0
40496,0.6444652139854132,0.47012832655144454,1.0,1.0
40684,0.9770836383493877,0.9892727308522803,0.9770836383493877,0.9892772028033745
40789,0.9565442787582787,0.6400041795368527,0.6986352718912834,0.5291162635729992
40795,0.9758451921579662,0.7598123330114687,0.731398196826514,0.5839870508270874
40896,0.9526833898259591,0.42359456919956023,0.937252857949191,0.9325900125208084
40911,0.9263765131460062,0.38049448671072833,0.9281443052889461,0.9071985698223557
40925,0.9302597117167292,0.42091662457577594,0.9183826766318836,0.8721366758369697
41006,0.9946955315862815,0.36357585460796743,1.0,1.0
41112,0.9851328731745771,0.9617489002559136,0.9851328731745771,0.9617489002559136
41233,0.6035004933236358,0.2861897207988352,1.0,1.0
41240,0.3821027790572105,0.17551381939197508,1.0,1.0
41277,0.45737018082454933,0.2658362205121467,1.0,1.0
41295,0.42085726193178535,0.29185011362266267,1.0,1.0
41333,0.4393262905272609,0.27285038377361764,1.0,1.0
41344,0.43975471632668445,0.2877303291291338,1.0,1.0
41380,0.5380563627820988,0.3025325599041583,1.0,1.0
41396,0.3635530194057871,0.19625841746001366,1.0,1.0
41652,1.0,0.2286246166212681,1.0,1.0
41656,0.9994174416065397,0.20214104029497504,1.0,1.0
41660,1.0,0.22728269127001516,1.0,1.0
41738,1.0,0.2253857148670991,1.0,1.0
41739,1.0,0.22265229262826058,1.0,1.0
41740,1.0,0.21116632169239796,1.0,1.0
41815,1.0,0.19710333647778142,1.0,1.0
41828,1.0,0.2342891189615055,1.0,1.0
41834,1.0,0.16990262134276857,1.0,1.0
41997,0.6254572347670988,0.4277197019033455,1.0,1.0
42189,0.4841073728255673,0.2540788093784176,1.0,1.0
42193,0.584436797456018,0.3058646036815999,1.0,1.0
42211,0.470514559773283,0.32924336009524185,1.0,1.0
42216,0.465981312721153,0.3228359302122874,1.0,1.0
42243,0.5160995636198685,0.3269317215053541,1.0,1.0
42245,0.5428830993420567,0.37028047368995054,1.0,1.0
42268,0.587998284964171,0.2707562548610453,1.0,1.0
42272,0.3928611808580455,0.22860675398364566,1.0,1.0
42302,0.4503861548539633,0.25533519443355285,1.0,1.0
42309,0.41133958020762357,0.18402945434721174,1.0,1.0
42312,0.5704697251827819,0.3685759761893194,1.0,1.0
42316,0.9548823453014785,0.38833542652810227,1.0,1.0
42317,0.9519751508336999,0.2656614016461078,1.0,1.0
42318,0.9616536484731572,0.32602207498043684,1.0,1.0
42323,0.8794824231080328,0.5239693276145011,0.613315091586218,0.38955279061001147
42324,0.8876120308460447,0.5544113794263239,0.6912986542168719,0.4633962009239737
42325,0.9107982076331914,0.45586555123155176,0.6104827048239907,0.48660057849534016
42392,1.0,0.22752107821187034,1.0,1.0
42393,0.9985768984655932,0.26821192811635314,1.0,1.0
42395,0.9980991060234263,0.2449828673086413,1.0,1.0
42444,0.766762774055202,0.6559279299641766,0.766762774055202,0.6559279299641766
42460,1.0,1.0,1.0,1.0
42469,1.0,1.0,1.0,1.0
42473,0.8203623601186688,0.7056476375448452,0.8203623601186688,0.7056476375448452
42521,1.0,0.2722761216479327,1.0,1.0
42559,0.9985901353348996,0.24683340287590844,1.0,1.0
42633,0.9992640635502504,0.21877913052205025,1.0,1.0
42639,1.0,0.2020328575341938,1.0,1.0
42717,0.9294745773925931,0.8318283701825515,0.9294745773925931,0.8318283701825515
42719,0.9743699518746513,0.9410640992918372,0.9743699518746513,0.9410640992918372
42722,0.9614618752522509,0.903428860209125,0.9614618752522509,0.903428860209125
42835,1.0,0.9871637823167246,1.0,0.9931776832753568
42842,0.999277854282805,0.9987893050507901,0.999277854282805,0.9987908937424101
42855,0.9852460930692598,0.9500295191363529,0.9852460930692598,0.9580893648276625
42909,1.0,0.17583449320268857,1.0,1.0
42944,1.0,0.17271332354824062,1.0,1.0
43004,1.0,0.22746787036473784,1.0,1.0
43040,1.0,0.18750501253135918,1.0,1.0
43063,1.0,0.22140301323182318,1.0,1.0
43081,1.0,0.24156108976444474,1.0,1.0
43131,1.0,0.23694744388581232,1.0,1.0
43206,1.0,0.23063802777187445,1.0,1.0
43245,1.0,0.23432092064036958,1.0,1.0
43328,1.0,0.20311349447505414,1.0,1.0
43552,0.9155671674713015,0.8575502237809679,0.9988516343064413,0.9365246423550766
43631,0.8004840774492544,0.6515987969896451,1.0,0.9946589466246628
43635,0.7842709192524269,0.6020650323581921,0.9983605720939386,1.0
43687,0.5689556548462249,0.3451672901154541,1.0,0.9749377837308372
43726,0.5195181875076644,0.4061607168240371,0.9519205090464309,0.9378168183671174
43740,0.5031190261805422,0.29064015515200337,0.9619848899494307,0.8957891455647584
43818,0.5751522576230642,0.38643165501369875,0.9828995729919829,0.9719617333846732
43849,0.47304626122625754,0.367519443262595,0.9847850999952533,0.9835711154367887
44248,0.9416827312991054,0.870809950626476,0.9416827312991054,0.870809950626476
44250,0.9825734541475754,0.9401968077939155,0.9825734541475754,0.9401968077939155
44282,0.8623502455135491,0.7765777985947955,0.8623502455135491,0.7765777985947955
44284,0.9722591404057667,0.914404233939916,0.9722591404057667,0.914404233939916
44309,0.8872929709330452,0.811566549589255,0.8872929709330452,0.811566549589255
44333,0.9181473962112554,0.7970700443237684,0.9181473962112554,0.7970700443237684
44342,0.933139983910905,0.8379815710004249,0.933139983910905,0.8379815710004249
44374,0.9356993588238574,0.8291212796795644,0.9356993588238574,0.8291212796795644
44375,0.9904422426289402,0.9756188953597846,0.9904422426289402,0.9756188953597846
44429,0.9532673688725021,0.8936401148400153,0.9532673688725021,0.8936401148400153
44434,0.9244949292433648,0.8345057720057721,0.9244949292433648,0.8345057720057721
44564,0.9932971048620524,0.2377875330638464,0.9694892852301854,0.9549573052219464
44568,0.998611067525086,0.3552219622115974,0.9733950744956985,1.0
44570,0.9905789564383533,0.27943791042778904,0.981686771451671,0.9786239784408635
44643,0.8621760429716243,0.24024633148222166,0.9283059214647005,0.8933670402932061
44646,0.8454945253803985,0.278552930749654,0.9048989666527403,0.8411507989527057
44659,0.6755789403747717,0.4826709382910879,0.98186619149609,0.9504074580006424
44660,0.7924903446790579,0.5440732281393953,1.0,1.0
44689,0.6662401068740124,0.4951873960493801,0.95206497024086,0.9221104518871598
44698,0.8139482695300018,0.6704671357491339,1.0,1.0
44730,0.6443869635519149,0.5056708568078859,0.9641849937905318,0.8811099534057222
44732,0.775967545003278,0.6292406804081668,1.0,1.0
44799,0.6652404882489045,0.5634677315635758,0.9724953205556941,0.9665258781053836
44807,0.816172384097861,0.6248795183978851,1.0,1.0
44843,0.6832017167970861,0.4213749847737479,0.9933633949520441,0.9966727992823283
44848,0.7661384187152536,0.5385694431983528,1.0,0.9979864334162071
44871,1.0,0.1785816064358765,1.0,1.0
44874,0.9996317687818217,0.1446301672742864,1.0,1.0
44894,1.0,0.14131362946850098,1.0,1.0
44897,0.9986342463479744,0.21553315981934715,1.0,1.0
44906,1.0,0.1931615453692326,1.0,1.0
44907,0.9996443218555257,0.21096203152707355,1.0,1.0
44928,1.0,0.1730193023125795,1.0,1.0
44932,1.0,0.15544879990057542,1.0,1.0
44946,1.0,0.1462008750538675,1.0,1.0
44947,1.0,0.19542271721001095,1.0,1.0
44959,1.0,0.15084367386800507,1.0,1.0
44962,0.9987339153357272,0.14303298191150807,1.0,1.0
45000,0.9988312372665463,0.18844101903442642,1.0,1.0
45001,1.0,0.2261381259064102,1.0,1.0
45022,0.9993054720149397,0.16813582240649205,1.0,1.0
45024,1.0,0.16027109117578148,1.0,1.0
45034,1.0,0.16293481055110304,1.0,1.0
45036,1.0,0.15020796519367993,1.0,1.0
45065,0.6455342641654983,0.2162334050664751,1.0,1.0
45071,0.7252707115810151,0.17369018423548807,1.0,1.0
45073,0.810138923273623,0.1811722398835593,1.0,1.0
45087,0.7467853533349601,0.2368567947633682,1.0,1.0
45089,0.6541428992584339,0.25113263636835176,1.0,1.0
45094,0.7447611272981257,0.21268817651864913,1.0,1.0
45199,0.8049940239255059,0.21874272709024611,1.0,1.0
45200,0.6638200732762576,0.2503017736744387,1.0,1.0
45202,0.8295285236265263,0.27260540025637625,1.0,1.0
45274,0.40180969756359675,0.32479181069084917,1.0,1.0
45291,0.428002071794944,0.2887895471592182,1.0,1.0
45294,0.4107934868354485,0.25435057476502654,1.0,1.0
45317,0.5283225071192056,0.3751670844803245,0.9617781016023051,0.6864014579867938
45323,0.4689428023436909,0.27049682847942225,1.0,1.0
45339,0.44435679013419177,0.287376965795749,1.0,1.0
45364,0.5559534843872671,0.380794374410103,1.0,0.9591082633693248
45383,0.8841562742926484,0.29375699310816866,1.0,1.0
45397,0.5243746659514024,0.32019794028222653,0.6746123209516206,0.576387627247804
45563,0.9991695919028598,0.2903230809087762,1.0,1.0
45566,1.0,0.3062535618553698,1.0,1.0
45570,1.0,0.3052778880633773,1.0,1.0
45574,0.9983881913614824,0.3427268082364461,1.0,1.0
45576,0.9909015229945553,0.17539105722391454,1.0,1.0
45577,0.995188699253964,0.1449000487256404,1.0,1.0
45583,0.9995271126407032,0.16515133916698455,1.0,1.0
45585,1.0,0.1831513019697474,1.0,1.0
45588,1.0,0.14861871903238652,1.0,1.0
45589,1.0,0.16699493338028717,1.0,1.0
45597,1.0,0.300475940984974,1.0,1.0
45605,0.9998101326129311,0.2578168060728407,1.0,1.0
45613,1.0,0.2731781255524116,1.0,1.0
45619,1.0,0.3008503150500124,1.0,1.0
45624,0.9996159098726086,0.2840956339477427,1.0,1.0
45631,0.9996542622556701,0.2663065904910671,1.0,1.0
45633,1.0,0.25007474280453584,1.0,1.0
45644,1.0,0.20552131523832057,1.0,1.0
45646,1.0,0.21746454780286217,1.0,1.0
45650,1.0,0.25143070239828874,1.0,1.0
45658,1.0,0.2532616151520868,1.0,1.0
45661,1.0,0.25495949888440556,1.0,1.0
45663,1.0,0.15315579155937814,1.0,1.0
45664,1.0,0.17911996749141557,1.0,1.0
45668,0.9996176956892383,0.1960930205470733,0.9983497167921476,0.9980121805383527
45670,1.0,0.17438607810959497,1.0,1.0
45677,0.9992553231331681,0.24452657263124689,1.0,1.0
45683,0.9992469026523341,0.2931790958114248,1.0,1.0
45692,0.999643500072327,0.24665790910622526,1.0,1.0
45702,1.0,0.21093541355418646,1.0,1.0
45704,0.9997128043577203,0.2524534278621487,1.0,1.0
45713,0.9996955854022428,0.3909272839632566,1.0,1.0
45715,1.0,0.3197893769032364,1.0,1.0
45724,1.0,0.20401044208257704,1.0,1.0
45726,1.0,0.14878442286274404,1.0,1.0
45727,0.9977326500817028,0.2926488577162713,1.0,1.0
45731,1.0,0.27880608221629904,1.0,1.0
45741,0.9990368364814907,0.2948433020452788,1.0,1.0
45745,1.0,0.23174983071889513,1.0,1.0
45746,1.0,0.16548818406762336,1.0,1.0
45747,0.6211529402262028,0.4116721240514718,1.0,1.0
45749,0.5526587447750927,0.2923663313899543,0.9990975684299322,1.0
45750,0.5588803419254115,0.3393371339330893,0.9972959527152253,1.0
45751,0.564274628250177,0.3726727505516784,0.998931586689815,1.0
45752,0.5041140386978396,0.2586517768702707,1.0,1.0
45753,0.6428786039642087,0.3941464599786771,0.9966107425375883,0.9978442835052439
45754,0.7296617737418477,0.5256689190895483,0.9887010540014376,1.0
45755,0.5939492427647187,0.3307579065182972,1.0,1.0
45757,0.6706445021359722,0.4462999821675828,0.9979743316522359,1.0
45758,0.7732471415237787,0.5507606506898982,1.0,1.0
45759,0.6655339374517902,0.5053827110011558,1.0,1.0
45760,0.5335777251986856,0.29657165505331834,1.0,1.0
45761,0.6113846433700562,0.40190386253157767,0.9930279967323307,1.0
45763,0.6574483204421798,0.40593146521017126,1.0,1.0
45769,0.6286674015258656,0.4465564952323503,0.999007756275041,0.9937279567958358
45772,0.5119546448776732,0.31006121123563846,1.0,1.0
45773,0.4295462982529291,0.18253162645753418,1.0,1.0
45774,0.5947331824941469,0.3612415130144034,0.9944917806397214,1.0
45775,0.5918580146944504,0.3241779507446818,0.9908772865076695,0.9922276535206219
45777,0.7105480305073546,0.5371240391062911,1.0,1.0
45778,0.6433682830518814,0.36732275943700954,0.99573061905963,1.0
45779,0.5461474112690092,0.3701237323214534,0.9989431802148877,1.0
45780,0.6383159288453795,0.4296937817172248,0.9969203347631973,1.0
45781,0.6025526779997317,0.4519109922457683,1.0,1.0
45783,0.6298082170708074,0.37346553831179696,1.0,1.0
45784,0.7116573903816986,0.4220658878563013,1.0,1.0
45785,0.6057133299338204,0.42816437195949875,1.0,1.0
45786,0.5003149632005941,0.3374795142833094,1.0,1.0
45788,0.47710117059716517,0.2862324048824777,1.0,1.0
45789,0.7324047039701913,0.51032875170486,0.9977844361047281,0.9979171509917192
45790,0.7190264251212488,0.5084136385859394,1.0,1.0
45793,0.9906784038278305,0.9547685124073583,0.9906784038278305,0.9547685124073583
45794,0.6316237695979491,0.3862950232316286,0.998917556169909,0.9982319961296103
45795,0.7304394113344673,0.542368048383568,0.9943526629709524,1.0
45796,0.6560978728428545,0.36594959473183186,0.9974069607236282,1.0
45797,0.6225405664197208,0.3317903575792511,0.99358518162254,1.0
45802,0.5603464886993506,0.3862169663731569,1.0,1.0
45804,0.5960151107977097,0.35237450883820837,1.0,1.0
45812,0.6104501522686193,0.40993710400663264,1.0,1.0
45813,0.6591153338804452,0.43399791859826903,1.0,1.0
45814,0.6849176112866107,0.5283613732158617,0.9984008290509739,0.9943462119344622
45815,0.6254912032406617,0.4072958859546318,0.9990486851490246,1.0
45816,0.6892598260230669,0.46059456311414637,1.0,1.0
45817,0.6388025479462938,0.4004316601863081,0.998923478665689,1.0
45819,0.6557448017749534,0.3875597874843106,1.0,0.9982085702166401
45820,0.7190179524080963,0.5562429511603854,0.9991726537443677,0.9919452169340857
45821,0.6981181607295969,0.540055078309436,0.9936888743859726,0.9869127572670461
45822,0.6593831516767111,0.48965464497497974,0.9991515468427047,1.0
45823,0.6086969817235726,0.4271706087969614,1.0,0.971640135928505
45824,0.6731568696485314,0.46525179750107204,1.0,1.0
45825,0.6342581777143207,0.3665271398330448,1.0,1.0
45826,0.6540672684629419,0.4534062199788394,0.9973700054465234,1.0
45827,0.651961006732583,0.3717804302615598,0.9990281714184156,1.0
45828,0.7091666029676913,0.5604066594330035,0.9955775906562065,1.0
45829,0.7165263135377776,0.510249347804533,0.9897441827973454,0.976412679771166
45830,0.6500642376240205,0.4487807087369687,1.0,1.0
45831,0.6587302995669682,0.43523252589639927,0.9980415633457316,1.0
45832,0.7052426927341873,0.4922866383544048,0.994437315140227,0.9852808129992041
45834,0.5665770661084804,0.30840125895274906,1.0,1.0
45837,0.4917924716948947,0.34233740774640864,1.0,1.0
45839,0.4180409581984372,0.28809092072879794,0.9980738776895232,1.0
45842,0.5273915881913467,0.29061508556616245,1.0,1.0
45844,0.6199018714965168,0.40422291958200823,1.0,1.0
46073,1.0,0.22527717627270222,1.0,1.0
46076,1.0,0.2073992836016081,1.0,1.0
46400,1.0,1.0,1.0,1.0
46422,0.7635621214847136,0.6617367404393153,1.0,1.0
46465,1.0,0.15205023865324452,1.0,1.0
46484,0.9646231815492953,0.7793802774755579,0.798754070256,0.6261547923299359
46485,0.9512778908933585,0.7788450916073176,0.7835263451329223,0.649581133672196
46487,0.9204580716771097,0.2965685842796526,0.9871496000366672,0.9812999092229608
46489,0.7609553961940215,0.6416111712025374,1.0,1.0
46492,0.6691958168499659,0.5237051316399657,1.0,1.0
46497,0.6337632294255883,0.4921150797287117,1.0,1.0
46642,1.0,1.0,1.0,1.0
46644,1.0,1.0,1.0,1.0
46664,0.9980970486860691,0.9771487965903393,0.9980970486860691,0.9771487965903393
46665,0.9624528082758911,0.9435604881366737,0.9624528082758911,0.9435604881366737
46667,0.9741757286091222,0.9596328812656285,0.9741757286091222,0.9596328812656285
46686,0.3091572146022072,0.16709902829999856,1.0,1.0
46687,0.28552873472019136,0.17925642746836165,0.9993507936064353,0.9988925958246335
46688,0.3589437368607745,0.16606328033990872,1.0,1.0
46707,0.7105103651771563,0.5800316859100934,0.7105103651771563,0.5800316859100934
46977,0.8151141280780128,0.3876197708022416,0.9932960710478267,0.9890044648831128
46980,0.9102154072077766,0.3721778777287923,0.8947775526150444,0.7693977918394691
47077,0.4339743098708659,0.285697318539262,0.991342136447665,0.9831273935296592
47083,0.9519878032206026,0.9095131309412905,0.9519878032206026,0.9095131309412905
47093,0.5585140310436556,0.3933708055359105,1.0,1.0
47097,0.5777190116110467,0.397029397321049,1.0,1.0
47102,1.0,1.0,1.0,1.0
47105,1.0,1.0,1.0,1.0
47106,0.9905331659101456,0.9711058880049308,0.9905331659101456,0.9711058880049308
47111,0.9917312936709434,0.3292565095968012,0.9992394432415055,0.9872358980673462
47122,0.9998247980605207,0.1679376975999565,1.0,1.0
47128,0.9996230876223124,0.2369723767051294,1.0,1.0
47133,1.0,0.18374038176073904,1.0,1.0
47137,0.9840585614109831,0.4372723011605747,1.0,1.0
47151,0.8850472375310257,0.8385339863890358,0.8850472375310257,0.8385339863890358
47229,1.0,1.0,1.0,1.0
47232,0.8337381005600805,0.48953094124168295,0.9334108645585731,0.8947486319264732
47236,0.8211918764343624,0.42861113227939757,0.6371696504033508,0.43658711964631297
47241,1.0,1.0,1.0,1.0
47247,1.0,1.0,1.0,1.0
47254,0.7649358947523429,0.568526829406229,0.9786817559580923,0.9719685819908633
47259,0.7750020579333876,0.6243963801646712,0.9854120527883232,1.0
47280,0.8550347239360653,0.7429625178694889,0.9990693390148075,0.9984201778050517
47283,0.817546209936137,0.6296038788671652,1.0,1.0
47320,0.7124817398422214,0.5912055750683853,1.0,1.0
47332,0.7990229130763324,0.5852507462231966,1.0,1.0
47348,1.0,0.2522866012943596,1.0,1.0
47353,0.9817805529851729,0.9473494273282397,0.9817805529851729,0.9473494273282397
47357,1.0,0.37113463279576053,1.0,1.0
47409,0.9996060978131478,0.42584380308506276,1.0,1.0
47416,1.0,0.22460519589973235,1.0,1.0
47420,0.9997550281447244,0.23561844164851758,1.0,1.0
47432,0.22351883956711735,0.20335353568847286,1.0,1.0
47441,0.24723147240172452,0.16434744215891725,1.0,1.0
47492,0.638944981609549,0.41305679866631523,1.0,0.9473038515473381
47530,0.8220209940463109,0.7046862729084877,0.8220209940463109,0.7046862729084877
47555,1.0,0.22112153800035322,1.0,1.0
47556,1.0,0.25020922555114467,1.0,1.0
47557,1.0,0.2024576740122439,1.0,1.0
47586,0.8571442047635002,0.6941617629002788,1.0,0.9967412721438982
47591,0.6408664104725839,0.49288515868778526,0.6408664104725839,0.49288515868778526
47597,0.9983622426133586,0.33009045128254844,1.0,1.0
47599,0.9938284345576733,0.24348123670781718,1.0,1.0
47605,1.0,0.1660716936938762,0.8433058297482279,0.6817489179953053
47628,1.0,0.17503114722607738,1.0,1.0
47633,1.0,0.18752701656697823,1.0,1.0
47636,0.8261732443954117,0.7778595379822665,0.8261732443954117,0.7778595379822665
47638,1.0,0.2116040621897099,1.0,1.0
47666,0.556844089672142,0.3413112659949309,1.0,1.0
47670,0.9997126646250922,0.2415783774803203,1.0,1.0
47673,0.9971992133663992,0.255538010112167,0.97974622324802,0.9657334493152137
47696,1.0,1.0,1.0,1.0
47701,1.0,0.22829299475351694,1.0,1.0
47707,0.8745875146675216,0.39019756527580396,0.8855391166001954,0.7743598466749886
47709,0.9471005474749227,0.9269231324299485,0.9471005474749227,0.9294317066195436
47715,0.9970079755339885,0.29497982676788587,0.9351922341356431,0.8928470309596042
47740,1.0,0.21522306481653156,1.0,1.0
47744,0.9976570044424103,0.4598580271999204,1.0,1.0
47748,0.978296615588733,0.28215774031861657,1.0,1.0
47750,0.9985916606832407,0.2241200499728064,1.0,1.0
47822,0.8832974199822993,0.2943543245658025,0.8537265865929579,0.795784801238887
47827,0.6944466163410693,0.4784239166804094,1.0,1.0
47831,0.6684426164564394,0.522678862322795,0.9867102769381693,0.9638057122070949
47835,0.7957076653435886,0.72492960491196,0.7957076653435886,0.72492960491196
47837,0.6980473332297229,0.537243273535169,1.0,1.0
47840,0.9484303335591516,0.8960903166436608,0.9484303335591516,0.8960903166436608
47841,0.7962975011357791,0.7305021362305087,0.7962975011357791,0.7305021362305087
47849,0.9403056030193706,0.8264606719391312,0.9403056030193706,0.8264606719391312
47850,0.9952702421955926,0.2045706305621268,0.9769517589408758,0.9546771276878042
47852,1.0,0.32162856637520654,0.9987721989406759,1.0
47855,0.873691756706536,0.7801612607239828,0.873691756706536,0.7801840109384411
47857,0.999310528620196,0.1720562300318724,1.0,1.0
47873,0.6650099957948583,0.35073550985038293,1.0,1.0
47930,0.6759631867351911,0.22337397930163186,1.0,1.0
47934,0.6639278836796043,0.30236994278056184,1.0,1.0
47935,0.6135545325137225,0.3184328830947879,1.0,1.0
47936,0.6135545325137225,0.3184328830947879,1.0,1.0
47941,0.9991275334302291,0.26005316700380376,1.0,1.0
47945,0.9997719029144883,0.2823717970387423,1.0,1.0
47960,0.8294874630045982,0.36733544048827854,0.7858548119897257,0.552555826472475
47961,0.8148218047971151,0.44652218287742296,0.8156681373724438,0.606348330043061
47991,0.5885185252073086,0.41156196462341293,1.0,1.0
48059,0.8550902025547541,0.7989447391249863,0.8550902025547541,0.7989447391249863
48075,0.8767183081036233,0.7923168922871526,0.8767183081036233,0.7923168922871526
48079,0.9546191712931347,0.911442017579307,0.9546191712931347,0.911442017579307
48091,0.9051731183088617,,1.0,1.0
48093,0.898698601633102,0.8381003502500041,0.898698601633102,0.8381003502500041
48192,0.8282879566963235,0.6337902392383387,0.9680119119011845,0.9492237324323093
48196,0.9262146395035272,0.8499577623379655,1.0,1.0
48197,0.9239734459321657,0.8298625366568914,0.9829579114195132,0.9049349707291537
48285,0.9681669429952483,0.525727914303371,1.0,1.0
48289,0.6594080713253194,0.3664354281157995,1.0,1.0
48302,0.6967160924579718,0.4852350929059879,0.9968299567087137,1.0
48304,0.9983857993592703,0.255505816220362,1.0,1.0
48305,0.7137717753764037,0.5093220063391871,0.7137717753764037,0.5093220063391871
48312,1.0,0.29640261179219923,0.9960607191252635,1.0
48314,0.8376484494413053,0.4724966630588039,0.9968182505650919,0.9987088392747887
48318,0.9957869699009402,0.44303441448967645,1.0,1.0
48361,0.9997647180501665,0.2451905201466727,1.0,1.0
48370,1.0,1.0,1.0,1.0
48371,1.0,1.0,1.0,1.0
48408,0.9252607920052599,0.46882547203530783,1.0,1.0
48593,0.7528698212859248,0.6197389607464425,1.0,1.0
48596,0.649751415437874,0.4279066908991692,1.0,0.9985424089128134
48728,0.6608783713886442,0.4546289616167726,1.0,1.0
48771,0.9506289348133095,0.9473889624757509,0.9506289348133095,0.9473889624757509
48781,1.0,0.3173479329352959,1.0,1.0
48784,0.9997208694038163,0.34754155592581937,1.0,1.0
48788,0.9544816000356044,0.30673407739158476,1.0,1.0
48789,0.9259125383564653,0.2777830425811441,1.0,1.0
48792,0.9790039494189734,0.26591286365910055,1.0,1.0
48793,0.5276430006267133,0.310600763296787,1.0,1.0
48797,0.5834150227611604,0.4185618231365142,1.0,1.0
48813,1.0,0.24478174555014118,1.0,1.0
48817,1.0,0.35252695669071044,1.0,1.0
48836,0.8768472336150261,0.3018716533115104,1.0,1.0
48837,0.8784756299617651,0.30359548231427086,1.0,1.0
48838,0.8546933034530712,0.3374679686463311,1.0,1.0
48841,0.9634125485812253,0.34634763573889227,0.997346922286349,0.9945418556613062
48847,0.9441674700849688,0.6541724743260595,0.784988394695323,0.5986355442016791
48854,0.9995390669136905,0.4249596207847758,0.9975429631587022,1.0
48855,1.0,0.4068290394050036,1.0,1.0
48857,0.9991641536096288,0.35128810054640636,1.0,1.0
48863,0.7846671688197875,0.35351234153504085,0.7646998298988982,0.707052244294416
48864,0.7563324208219026,0.3118744981463969,0.7903547855835291,0.6906019085267529
48865,0.8166729429874862,0.3649363418928902,0.7618598176595284,0.6232563699117407
48867,0.889038053543189,0.3720258604841505,0.9886886792557787,0.9814305570743554
48868,0.789716087265792,0.40329966207449935,0.8973654737168983,0.8222587098765844
48879,0.9980922587278025,0.17030079658462105,1.0,1.0
48880,0.9968500234841646,0.14823203866077247,0.9988720049387569,1.0
48894,0.9992613326334536,0.20173119575413448,1.0,1.0
48946,0.6715161983616,0.25214919961678944,1.0,1.0
48947,0.6715161983616,0.25214919961678944,1.0,1.0
48959,1.0,0.19302972932432694,1.0,1.0
48960,1.0,0.19302972932432694,1.0,1.0
48963,1.0,0.22455125032555368,1.0,1.0
48966,1.0,0.159814958973878,1.0,1.0
48969,0.9990355763168703,0.15851130033806324,1.0,1.0
48977,1.0,0.18585349105297624,1.0,1.0
48999,0.8946185976784672,0.8623606404476916,0.8946185976784672,0.8623606404476916
49003,0.9048457063428613,0.8163476356641776,0.9048457063428613,0.8163476356641776
49004,0.9992052530134106,0.2862901140495344,0.996219415190795,0.9685139542539778
49006,0.9992052530134106,0.2862901140495344,0.996219415190795,0.9685139542539778
49018,1.0,1.0,1.0,1.0
49035,0.7394615152385503,0.6523484465777604,0.7394615152385503,0.6523484465777604
49036,0.6794677013728462,0.6114593880995156,0.6794677013728462,0.6114593880995156
49051,0.9996875163140658,0.1780946013793574,1.0,1.0
49052,0.9997246848765652,0.1445917406794659,1.0,1.0
49055,0.9324814487387237,0.8315867969220821,0.9324814487387237,0.8250975559990444
49064,0.9160381989393249,0.7833666342039411,0.9160381989393249,0.7833666342039411
49116,1.0,0.16559879898946261,1.0,1.0
49120,0.9993575783934963,0.18737421133259016,1.0,1.0
49147,0.9996053692861869,0.19342911785335748,1.0,1.0
49163,1.0,0.30446175669635095,1.0,1.0
49164,1.0,0.33854942512961406,1.0,1.0
49180,0.9992438393551805,0.2662956502682289,1.0,1.0
49183,1.0,0.21064727659452023,1.0,1.0
49186,0.9954593487322558,0.29752881966282396,1.0,1.0
49221,0.9989021641693886,0.3655680475388208,1.0,1.0
49225,0.8990915797151645,0.8679163398411169,0.8990915797151645,0.8679163398411169
49297,0.5356703313148858,0.3340181617535792,1.0,1.0
49301,1.0,0.22654350025179967,1.0,1.0
49302,1.0,0.22654350025179967,1.0,1.0
49303,1.0,0.22873692722688424,1.0,1.0
49304,1.0,0.22873692722688424,1.0,1.0
49305,1.0,0.22873692722688424,1.0,1.0
49307,0.9995856850256689,0.3012726298691197,1.0,1.0
49310,0.9990888353362245,0.18748742747804034,1.0,1.0
49311,0.9990888353362245,0.18748742747804034,1.0,1.0
49312,0.9996800106978474,0.375738786079851,1.0,1.0
49314,1.0,,1.0,1.0
49318,1.0,1.0,1.0,1.0
49320,0.9979523142025446,0.9973649538866932,0.9979523142025446,0.9973649538866932
49322,1.0,1.0,1.0,1.0
49324,0.5378490525178609,0.3064027800446256,0.9989626196905527,1.0
49326,0.5384460131503995,0.3535464212475638,1.0,1.0
49328,0.5242807742761448,0.4186162698447932,0.9989523097648264,1.0
49330,0.6272962471419946,0.4292207643576819,1.0,1.0
49333,0.7051615835842956,0.6542796422125868,0.7051615835842956,0.6542796422125868
49338,1.0,1.0,1.0,1.0
49343,0.6977722578475639,0.6025338087809529,0.6977722578475639,0.6025338087809529
49359,0.8708507366775089,0.7244839876161561,0.991676482983667,1.0
49366,0.9997030017649798,0.25895133715904084,1.0,1.0
49368,1.0,0.21631489691024172,1.0,1.0
49369,1.0,0.255174206353781,1.0,1.0
49371,1.0,0.35701558440082354,1.0,1.0
49375,1.0,0.3681358872869242,0.95503057567014,0.9182545192830678
49376,1.0,0.36773756417493036,0.9597572907087979,0.9441941882992254
49377,0.998886814527367,0.3062599219513331,1.0,0.9961846212246022
49378,0.9994293263045795,0.234392343714409,1.0,1.0
49430,0.9963435203454873,0.271891043857564,1.0,1.0
49431,0.7116038271945413,0.5487565942959881,0.7116038271945413,0.5487565942959881
49433,0.7099955564354816,0.5988286849177225,0.7099955564354816,0.5988286849177225
49436,0.7269254401180242,0.5702060540834296,0.7269254401180242,0.5702060540834296
49440,0.9978395613276986,0.242574002326408,1.0,1.0
49445,0.9996533690054163,0.2302719037030031,1.0,1.0
49447,0.9980408521553469,0.26647345132730893,0.9993909765657536,1.0
49452,1.0,0.21364781851334244,1.0,1.0
49475,0.958669517584956,0.875670452318456,0.958669517584956,0.875670452318456
49476,0.6402735261025934,0.5137994641094344,0.9481182688394967,0.8627334617877287
49477,0.6583351843776319,0.5017582471246346,0.9856307817922405,0.979832139325952
49479,0.9984725509266656,0.2160423543091095,1.0,1.0
49480,0.9997242829117838,0.27820501124690994,1.0,1.0
49501,0.3976871404017904,0.20393111717494425,1.0,1.0
49502,0.4511818539703744,0.2659993636031874,1.0,1.0
49503,0.4511818539703744,0.2659993636031874,1.0,1.0
49515,0.9991187053776622,0.282080044314363,1.0,1.0
49516,1.0,0.30953390558116733,1.0,1.0
49517,0.998707736017361,0.2604869840901879,1.0,0.9993166724673515
49518,1.0,0.30953390558116733,1.0,1.0
49519,0.998707736017361,0.2604869840901879,1.0,0.9993166724673515
49520,1.0,0.30953390558116733,1.0,1.0
49532,0.572319629529434,0.3433411907268961,0.9838446096031371,0.9454187993269282
49541,1.0,0.18888734083310887,0.9831635649463017,0.9985605946468713
49551,0.6535492636507036,0.654379317708552,0.6535492636507036,0.654379317708552
49552,1.0,1.0,1.0,1.0
49553,0.6737910667572602,0.6091250080336028,0.6737910667572602,0.6091250080336028
49581,0.6504628605112925,0.35361564661270534,0.998302401035677,1.0
49602,1.0,0.2459172301654973,1.0,1.0
49608,0.5186764546948086,0.3130801946783457,1.0,1.0
49612,1.0,0.20952733811321178,1.0,1.0
49615,0.9744216215240716,0.3671558272747905,0.832276523339901,0.7323586599095634
49616,0.9983919619022074,0.9952972709308048,0.9983919619022074,0.9952972709308048
49622,0.7971414149998347,0.3225806451612903,1.0,0.9484163143891029
49632,0.9821845700239985,0.3920626743804902,1.0,1.0
49633,0.8575182773296792,0.43258143967898444,1.0,1.0
49634,0.9821845700239985,0.3920626743804902,1.0,1.0
49635,0.8575182773296792,0.43258143967898444,1.0,1.0
49641,0.9154362311426671,0.866763678823825,0.9154362311426671,0.866763678823825
49647,1.0,0.17138057553232822,1.0,1.0
49648,1.0,0.2138990850633167,1.0,1.0
49671,0.9930170356081924,0.2530251178657167,1.0,1.0
49672,0.9897988458456753,0.3110186083557714,1.0,1.0
49796,1.0,0.19840460121911824,0.958941673268585,0.9010119817026625
49800,1.0,0.2811963921540467,0.9929130117369653,0.9728749277672369
49801,1.0,0.31049292550125807,0.9848051410989648,0.9727167740190077
49803,1.0,0.23579899602029103,0.9971620353188728,0.9718535713331193
49818,0.7456990218024213,0.46420546919413935,0.887378000043544,0.8321473456237173
49819,0.9294561388755528,0.8753324286538695,0.9294561388755528,0.8755723205938729
49843,0.8076050131981124,0.6172562869710168,0.9968128787438804,0.997233910928222
49866,0.9990908022268449,0.49703272427554696,0.9989869225422054,0.9983127923990754
49877,0.9996331584255612,0.25420902745644447,1.0,1.0
49886,1.0,0.1575870646766169,1.0,1.0
49895,0.9371401454708717,0.307293511394515,1.0,1.0
49898,0.9456082615265796,0.3797464896001487,1.0,1.0
49900,0.5914473353786729,0.379785379932211,1.0,1.0
49905,0.9992768741372968,0.21001135551696057,1.0,1.0
49907,1.0,0.26576176841377835,1.0,1.0
49913,0.9993815539594018,0.2631699334449472,1.0,1.0
49923,0.9988419656730567,0.2616592093458426,1.0,1.0
49934,0.9995342925462659,0.22041736107163218,0.9962190865049503,1.0
49935,0.9996921943895319,0.16135086787116928,1.0,1.0
49936,1.0,0.16388605514741428,0.9919664852200668,0.9931553647842426
49937,0.9994518367436058,0.2446877538522787,0.9919036981566246,0.9964901590136772
49939,1.0,0.18358961408102437,1.0,1.0
49946,0.5641396157508481,0.3632058422840371,0.9331358211856613,0.8690816586408112
49951,0.51382779665332,0.3201857377289422,0.9567902080420932,0.8942125580950512
49970,1.0,1.0,1.0,1.0
49980,1.0,1.0,1.0,1.0
49986,0.9884095717506316,0.9818643510152573,0.9884095717506316,0.9818643510152573
49987,0.9865981077439663,0.979676901117959,0.9865981077439663,0.979676901117959
49988,0.9582178412313668,0.9331839133226255,0.9582178412313668,0.9331839133226255
49989,0.986267937158495,0.980052122918729,0.986267937158495,0.9816349563215366
50023,0.999450716377645,0.31541014585900345,1.0,1.0
50405,0.9157158086555883,0.8704690070381187,0.9157158086555883,0.8704690070381187
50409,0.8998229307914469,0.8803134273687494,0.8998229307914469,0.8803134273687494
50415,0.9993842303911633,0.21751564684253288,1.0,1.0
50416,0.9996088448067603,0.15898427905840018,1.0,1.0
50417,1.0,0.15904386039724702,1.0,1.0
50427,1.0,0.24620817166096468,1.0,1.0
50473,0.6670849868459823,0.538939884707246,0.9990766756614863,1.0
50486,1.0,0.16749437305789597,1.0,1.0
50487,1.0,0.1949401547439939,0.9991787555425046,0.9989140405411919
50489,1.0,0.12189749472348087,1.0,1.0
50490,1.0,0.12958210104743142,1.0,1.0
50492,0.9997610325063548,0.15439888890492104,1.0,1.0
50493,1.0,0.14264210764749952,1.0,1.0
50496,1.0,0.20601754875948425,1.0,1.0
50498,1.0,0.23607473556906472,0.9848467981273011,1.0
50499,0.9990448659955669,0.18221153410416205,1.0,1.0
50502,1.0,0.355025621172474,0.9524071154354352,0.9635679395324893
50514,1.0,1.0,1.0,1.0
50515,0.8797812046945213,0.8439199904198911,0.8797812046945213,0.8439199904198911
50516,0.9599587562592635,0.9529227347229883,0.9599587562592635,0.9529227347229883
50520,0.9946964213878875,0.9749898809633323,0.9946964213878875,0.9908239419983783
50522,0.9732478751261975,0.9299460069819883,0.9732478751261975,0.9299460069819883
50525,0.9386078332660939,0.9052495936992124,0.9386078332660939,0.9052495936992124
50526,0.8817965815287618,0.847354395953383,0.8817965815287618,0.847354395953383
50527,1.0,1.0,1.0,1.0
50528,0.925077535440211,0.8877913340255023,0.925077535440211,0.8877913340255023
50530,0.9831864048552428,0.9098065289303683,0.9831864048552428,0.9098065289303683
50531,0.9846285319178573,0.9287339181147686,0.9846285319178573,0.9287339181147686
50532,0.9676150622521779,0.954357704495355,0.9676150622521779,0.954357704495355
50536,0.9633035900222188,0.9233636431331346,0.9633035900222188,0.9233636431331346
50537,0.9656605633031302,0.9301440306766493,0.9656605633031302,0.9301440306766493
50538,0.9372374727821953,0.9042857058381023,0.9372374727821953,0.9042857058381023
50539,0.9486737349886023,0.9232825354012139,0.9486737349886023,0.9232825354012139
50542,0.8380726875932074,0.758618816813118,0.8380726875932074,0.758618816813118
50543,0.7699731753508459,0.7189148639791517,0.7699731753508459,0.7189148639791517
50544,0.9707426157801434,0.9649368178283276,0.9707426157801434,0.9649368178283276
50546,0.8795735560374283,0.8504763841082038,0.8795735560374283,0.8504763841082038
50547,1.0,1.0,1.0,1.0
50548,1.0,1.0,1.0,1.0
50549,0.9701823319974155,0.9309500984497104,0.9701823319974155,0.9309500984497104
50611,0.8323737759832205,0.22773593448474,1.0,1.0
50614,0.7870582111084453,0.22127783050560373,1.0,1.0
50615,0.8112156776711436,0.2359923209078695,1.0,1.0
50624,0.9910433522405857,,1.0,1.0
50627,1.0,0.5348837209302325,1.0,1.0
50644,1.0,0.5542115098061139,1.0,1.0
50645,0.9813049422904239,0.5206250278586972,1.0,1.0
50648,0.8614324253388278,0.7515190458253823,1.0,1.0
50650,0.8282812857765874,0.7090973247208475,1.0,1.0
50660,0.6274431308073474,0.5129604802170361,1.0,1.0
50664,0.7250499221655266,0.5128475800948976,0.9852398437912415,0.9460717735165257
50665,0.7362779643951222,0.6135230704669306,0.9888722414096178,0.9971978326638048
50708,0.6999327768911328,0.21239073714115286,1.0,1.0
50709,0.8833713809475541,0.239042521984285,1.0,1.0
50737,0.5523045744457142,0.30584646776391317,1.0,1.0
50739,0.5711402391123922,0.3191826215625981,1.0,1.0
50740,0.5491136872927874,0.3177262121977731,1.0,1.0
50741,0.5711402391123922,0.3191826215625981,1.0,1.0
50747,0.9382800612112524,0.9092479560863179,0.998341990565657,0.9986799316868651
50749,0.9225212334078968,0.8714474413194417,1.0,1.0
50758,0.5823906102147625,0.33068402732176755,1.0,1.0
50765,0.5877636195866021,0.2785181263518405,1.0,1.0
50766,0.6006763606955119,0.3550337943833274,1.0,1.0
50772,0.5924226569476793,0.3550337943833274,1.0,1.0
50773,0.5638930521864051,0.26407336799769143,1.0,1.0
50774,0.5501932841186893,0.3177262121977731,1.0,1.0
50787,0.9941211754072272,0.23801032507771422,1.0,1.0
50811,0.6487558797105747,0.3940735697133049,0.9983853596290853,1.0
50814,0.6790833235035648,0.5500756964721016,1.0,1.0
50822,0.9981849597229209,0.2975420113822525,1.0,1.0
50824,0.9964930207126946,0.31826580232124885,1.0,1.0
50825,0.6342405143879635,0.5295590657240989,0.9987627442044223,0.9987906759382317
50826,0.6372491297320401,0.5720379851563605,0.9987634774204155,0.9987906404459415
50829,0.68687735098728,0.4988687506450629,0.9978013072992447,0.998684688501623
50831,0.6216430044510933,0.4353134843938383,0.9880766030193978,0.9800851683412699
50834,0.9771087501819484,0.29323251870904526,0.9944999799331434,0.9944326315113282
50837,0.9860289206829551,0.2340153050111875,0.9937061122463215,0.9984930233084073
50864,0.8198828494002769,0.7203626836789366,0.9990521016397305,1.0
50868,0.8486419502330588,0.7444041195072328,0.990513949174178,0.9927954574689859
50869,0.8841119609825105,0.8278157974658467,1.0,1.0
50876,0.8084184205393996,0.6738360298642256,0.998850670653742,1.0
50877,0.8587440580531915,0.7582713313547841,1.0,1.0
50878,0.8646751271778463,0.6232530231989912,1.0,1.0
50879,0.6985647376133346,0.5254715577778957,0.9747168430724156,0.9632536275781199
50886,0.7621111908042497,0.5217205218015927,0.9963812238665141,0.9984566725963941
50887,0.7454612841963927,0.5450089783683483,0.9963916273273268,0.9980542798176979
50895,0.6792360219610207,0.6043244645777777,0.9995906934707741,0.9995201586597819
50899,0.768512461088049,0.7152980400878918,1.0,1.0
50901,0.6544144044398335,0.48599866746359277,1.0,1.0
50908,0.6379917320690729,0.4522567760362256,1.0,1.0
50910,0.628774035934183,0.47792597049766505,1.0,1.0
50911,0.6410209996785196,0.44895458649895065,0.9994135995971155,0.999232368892099
50912,0.6410209996785196,0.44895458649895065,0.9994135995971155,0.999232368892099
50913,0.6410209996785196,0.44895458649895065,0.9994135995971155,0.999232368892099
50914,0.6410209996785196,0.44895458649895065,0.9994135995971155,0.999232368892099
50915,0.7083880840948581,0.6171642175714256,0.9994181947491954,0.9993472597374388
50916,0.7687744925341596,0.7109882298883865,0.996371931027571,0.9991485444003592
50917,0.7666720689613084,0.7503737047704716,0.9994814930309309,0.9939548460351629
50920,0.7646196337967602,0.6743564011656642,0.9993697535737399,1.0
50921,0.6953969404538294,0.5632620446202472,1.0,1.0
50924,0.692133643498608,0.603952873190164,1.0,1.0
50934,0.9877204679984686,0.38962831050778457,0.939851685813621,0.9150785974640708
50941,0.6688048203737921,0.4105009874169587,1.0,1.0
50943,1.0,0.23209970736191138,1.0,1.0
50944,0.7963499512664802,0.6674840430980629,1.0,1.0
50948,0.9606275916092096,0.19053389472818108,0.8853364961926897,0.7960331961260714
50953,1.0,0.22826600731053498,1.0,1.0
50982,0.8311164013164276,0.7352005593017789,0.9978785483779129,0.9970527225408337
50983,0.9892328656374951,0.30799092488944285,1.0,1.0
50985,0.985178698975955,0.3673610711964312,1.0,1.0
51001,0.9984692300269036,0.2536203357566346,1.0,1.0
51010,0.47470127281329566,0.26894607367656287,0.9092934742078416,0.9144388228636331
51012,0.463114557161007,0.3891834167673838,0.8278222414610678,0.8005357859144723
51017,0.9994973748625549,0.2873362137058921,0.998496198538394,1.0
51020,0.6814126796932937,0.49828368344583895,0.9921560547492636,1.0
51023,0.999069381562545,0.34108761138344496,1.0,1.0
51027,0.9933089467331201,0.15507040037463338,0.9950210581088487,1.0
51028,1.0,0.20962991290758684,0.9991647284768094,0.9987398453065409
51030,1.0,0.2036095673986168,1.0,1.0
51047,0.9954309333603324,0.28381703829698485,1.0,1.0
51076,0.6990347740873398,0.5454833242210221,0.9983492769329811,0.9987532297688793
51105,0.6538636194451103,0.5550218436063018,1.0,0.9963542965091706
51132,0.757727057997011,0.5634783102607109,0.9521237120775706,0.9066765554926457
51156,0.977490882451946,0.24121320044382108,1.0,1.0
51191,1.0,0.1480860213818726,1.0,1.0
51192,0.9968249940181796,0.25473959574435756,1.0,1.0
51211,0.9970880761885396,0.21714025484313368,1.0,1.0
51283,0.8118081685097923,0.7280996180714315,1.0,1.0
51288,0.6807769633857581,0.43859587821132345,1.0,1.0
51292,0.9155167507492356,0.8589168363981616,0.9155167507492356,0.8589168363981616
51309,0.9977532974505122,0.32076698734490317,1.0,1.0
51310,0.9922419090334347,0.2729568237000231,1.0,1.0
51311,0.9955706340321784,0.28776446042596365,1.0,1.0
51312,0.9957193540038833,0.2643371715975718,1.0,1.0
51314,0.9931887564507423,0.256472601522123,1.0,1.0
51316,0.9936186484873113,0.26030396032937303,0.9993249703310377,0.9989909352819142
51317,0.996951966120186,0.31468555676376414,1.0,1.0
51320,0.9985279522613519,0.1513170838406249,1.0,1.0
51392,0.8114124727034842,0.3977254993380955,0.742531890700811,0.6484822568359311
51395,0.7958109775416701,0.3429609127648285,0.8140869996193469,0.6771142669543028
51487,0.998490380208517,0.2078320174295592,1.0,1.0
51488,0.9990403635950376,0.18342639814586054,0.9989531756953849,1.0
51489,0.9974384898032082,0.1916396094036279,0.9990094201900159,1.0
51494,1.0,0.22556606872218202,1.0,1.0
51496,1.0,0.22556606872218202,1.0,1.0
51497,1.0,0.1986545179122398,0.9989439694965049,1.0
51501,1.0,0.19709017897529219,0.9968598904176946,1.0
51502,1.0,0.19709017897529219,0.9968598904176946,1.0
51504,0.9995989740563858,0.18054772720222892,1.0,1.0
51511,1.0,0.24252726788290513,0.9917017006879711,1.0
51512,0.998589907489301,0.21234496922796756,0.9978721600949324,1.0
51513,1.0,0.24252726788290513,0.9917017006879711,1.0
51580,0.9422412869870249,0.9324246384400243,0.8761382233632139,0.8225569612774272
51586,1.0,0.21028612572076372,1.0,1.0
51616,0.9910881863676652,0.17335579035962276,1.0,1.0
51620,0.511938915707766,0.24657571315029667,1.0,1.0
51624,0.9976744093808229,0.27312910910246235,0.9011016627257346,0.9252366273111313
51629,0.5233120530544512,0.414130631080901,1.0,1.0
51647,0.6384839008226311,0.42031944641950103,0.9708395099713752,0.9697838575824964
51652,0.48069433343289714,0.3041798789321528,1.0,1.0
51657,0.6358183868158169,0.41992958154788707,1.0,1.0
51662,1.0,1.0,1.0,1.0
51667,0.7420756958688792,0.6328968800057267,0.9830471429909018,0.9523224484349071
51673,0.9989183682083413,1.0,0.9989183682083413,1.0
51680,0.9911208920779747,0.9620733769902186,0.9911208920779747,0.9620733769902186
51693,0.9922826657688367,0.35407672840418464,1.0,1.0
51695,0.9622778140658457,0.4418383448295897,1.0,1.0
51706,0.5915953274108355,0.3285925013168593,1.0,1.0
51708,0.755698623188857,0.5126310662090513,1.0,1.0
51712,0.9983075324022245,0.1548599215482101,1.0,1.0
51716,1.0,0.1487227762475622,1.0,1.0
51722,0.637063941693295,0.4022092800262845,0.637063941693295,0.4022092800262845
51723,0.637063941693295,0.4022092800262845,0.637063941693295,0.4022092800262845
